Year,"All Majors","Accounting and Actuarial Science","Advertising and Public Relations","Aerospace Engineering","Agricultural Economics","Animal Sciences","Anthropology and Archeology","Architecture","Area, Ethnic, and Civilization Studies","Art and Music Education","Art History and Criticism","Associates Degree","Biochemistry and Molecular Biology","Biological, Biomedical, and Environmental Engineering","Biology","Botany, Ecology, and Zoology","Business Management and Administration","Chemical Engineering","Chemistry","Civil Engineering","Commercial Art and Graphic Design","Communication Technologies","Communications","Composition and Speech","Computer Engineering","Computer Science","Construction Services","Criminology and Criminal Justice","Drama and Theater Arts","Early Childhood Education","Earth and Other Physical Sciences","Economics","Electrical Engineering","Elementary Education","Energy and Extraction Engineering","Engineering Technologies","English Language and Literature","Environment and Natural Resources","Family and Consumer Sciences","Film, Video and Photographic Arts","Finance","Fine and Studio Arts","General Agriculture","General Education","General Engineering","Geography","Health and Medical Administration","High School Degree or GED","History","Hospitality Management","Human Resources and Personnel Management","Industrial and Manufacturing Engineering","International Business and Business Economics","International Relations","Journalism","Language and Drama Education","Liberal Arts","Linguistics and Foreign Languages","Marketing and Marketing Research","Mass Media","Math and Science Teacher Education","Mathematics and Statistics","Mechanical Engineering","Medical Technologies and Assistance","Microbiology, Physiology, Genetics, and Neuroscience","Multidisciplinary Science","Music","Nursing","Operations and Logistics","Philosophy and Religious Studies","Physical and Health Education Teaching","Physical Fitness, Nutrition, and Sports Studies","Physics","Political Science and Government","Production and Transportation Technologies","Psychology","Public Administration and Policy","Secondary Teacher Education","Social Science or History Teacher Education","Social Work","Sociology","Some College, No Degree","Some High School","Special Needs Education","Theology and Religious Vocations","Treatment Therapy Professions"
0,23547.139,33536.3262,21816.6463,32192.4955,23998.3099,26827.0813,16352.177,22846.6257,12876.9982,15130.4734,21271.2304,16352.177,23547.139,28401.0861,20960.2116,15807.1113,27900.1662,43605.8122,29452.4689,32192.4955,23343.8067,22907.4781,21802.9061,12876.9982,42923.3342,34884.6477,34338.6653,20960.2116,13744.4848,19283.3922,23438.1238,34660.5918,49791.0652,18864.1925,45786.1059,26827.0813,19388.1947,15262.0353,20725.8145,16362.477,34884.6477,13089.9816,23607.8369,21802.9061,42923.3342,29452.4689,17442.329,8285.10473,16954.7167,29344.2983,29433.9289,52326.9767,31440.3174,22893.0478,22637.031,17606.5728,15091.354,17442.329,31440.3174,17878.3795,32488.3218,27253.6352,44695.9539,23178.605,20960.2116,25089.1417,14280.9088,41920.4129,41920.4129,15667.021,12726.5667,14180.8134,31440.3174,21461.6671,22008.216,19634.9827,21802.9061,20943.9788,16352.177,16096.2529,20960.2116,10741.5198,6540.87183,33536.3262,16096.2529,14835.3166
1,23076.196219999998,32865.599676000005,21380.313374,34129.199965108404,23518.343702,26290.539674,16025.13346,22389.693186,12619.458236,14827.863932,20845.805792,16025.13346,23076.196219999998,27833.064378,20541.007368,15490.969074,27342.162876,46057.20646841893,28863.419522,31548.64559,22876.930566,22449.328538,21366.847977999998,12619.458236,45064.14319843643,34186.954746,33651.891994,20541.007368,13469.595104,18897.724356,22969.361324,33967.379964,51929.32893381574,18486.90865,47840.07881743368,26290.539674,19000.430806,14956.794593999999,20311.29821,16035.22746,34186.954746,12828.181967999999,23135.680161999997,21366.847977999998,44846.02936536995,28863.419522,17093.48242,8119.402635399999,16615.622366,28757.412333999997,28845.250322,54253.213443761895,30811.511051999998,22435.186844,22184.29038,17254.441344000003,14789.526919999998,17093.48242,30811.511051999998,17520.81191,31838.555364,26708.562496,46689.26151555603,22715.0329,20541.007368,24587.358866,13995.290624,41082.004642,41082.004642,15353.68058,12472.035366,13897.197132,30811.511051999998,21032.433758,21568.05168,19242.283046,21366.847977999998,20525.099224,16025.13346,15774.327841999999,20541.007368,10526.689404,6410.0543934,32865.599676000005,15774.327841999999,14538.610268
2,22614.672295599998,32208.28768248,20952.70710652,36524.15966976516,23047.97682796,25764.72888052,15704.630790799998,21941.899322279998,12367.069071279999,14531.30665336,20428.889676159997,15704.630790799998,22614.672295599998,30286.94106224294,20130.187220639997,15181.149692519999,26795.319618479996,48972.044382551794,28286.151131559996,33774.61755451629,22419.39195468,22000.341967239998,20939.51101844,12367.069071279999,47386.672698071634,36090.03607267324,35684.82131581516,20130.187220639997,13200.20320192,18519.769868879997,22509.97409752,35804.31697787962,54193.52083820344,18117.170477,50410.67018926869,25764.72888052,18620.42218988,14657.658702119998,19905.0722458,15714.5229108,36018.49266697585,12571.618328639997,22672.966558759996,20939.51101844,46937.86102887535,28286.151131559996,16751.6127716,7957.014582691999,16283.30991868,28182.264087319996,28268.345315559996,56268.0195449435,30195.280830959997,21986.48310712,21740.604572399996,16909.35251712,14493.736381599998,16751.6127716,30195.280830959997,17170.395671799997,31201.78425672,26174.39124608,48932.98792683005,22260.732242,20130.187220639997,24095.611688679997,13715.384811519998,42911.99538089128,42906.01622660557,15046.6069684,12222.594658679998,13619.253189359997,30195.280830959997,20611.785082839997,21136.6906464,18857.43738508,20939.51101844,20114.59723952,15704.630790799998,15458.841285159999,20130.187220639997,10316.155615919999,6281.8533055319995,32208.28768248,15458.841285159999,14247.83806264
3,22162.378849687997,34098.622544623206,20533.6529643896,39111.29536409414,22587.0172914008,25249.434302909598,15390.538174983998,21503.061335834398,12119.727689854399,14240.680520292799,20020.311882636797,15390.538174983998,22162.378849687997,32798.38308596443,19727.5834762272,14877.526698669599,26259.4132261104,51866.332082708686,27720.428108928798,36062.32107138575,21971.0041155864,21560.3351278952,20520.720798071197,12119.727689854399,49765.574355283956,38129.455580465496,37827.44935987764,19727.5834762272,12936.199137881598,18149.374471502397,22059.7746155696,37753.30301219989,56409.77693624562,17754.82706746,53275.59010168188,27802.098088265564,18248.013746082397,14364.505528077598,19506.970800884,15400.232452584,37980.26430966941,12320.185962067198,22219.507227584796,20520.720798071197,49109.625420622215,27720.428108928798,16416.580516168,7797.874291038159,15957.6437203064,27618.618805573595,27702.978409248797,58349.896272705315,29591.3752143408,21546.7534449776,21305.792480951997,16571.165466777602,14203.861653967999,16416.580516168,29591.3752143408,16826.987758363997,30577.7485715856,25650.903421158397,51219.36435791064,21815.517597159997,19727.5834762272,23613.699454906397,13441.077115289598,44745.29743713929,44679.677242014404,14745.674829032,11978.142765506398,13346.868125572799,29591.3752143408,20199.5493811832,20713.956833472,18480.2886373784,20520.720798071197,19712.3052947296,15390.538174983998,15149.664459456799,19727.5834762272,10109.8325036016,6156.216239421359,31564.121928830402,15149.664459456799,13962.881301387199
4,21719.131272694238,35975.73572937334,20122.97990510181,41679.50822607014,22135.276945572783,24744.445616851408,15082.72741148432,21073.00010911771,11877.333136057312,13955.866909886945,19619.905644984065,15082.72741148432,21719.131272694238,35287.20992348313,19333.031806702656,14579.976164696209,25734.224961588192,54755.920725129916,27166.019546750224,38351.57251409006,21531.584033274674,21129.128425337298,20110.306382109775,11877.333136057312,52103.715670117934,40257.928790195874,40073.55078677266,19333.031806702656,12677.475155123968,17786.386982072352,21618.57912325821,39702.016458680795,58608.13422602096,17399.7305261108,67348.95894931708,29932.733142504476,17883.05347116075,14077.215417516047,19116.83138486632,15092.22780353232,39963.642326698224,12073.782242825855,21775.117083033103,20110.306382109775,51342.2731185236,27166.019546750224,16088.24890584464,7641.916805217396,15638.490845900273,27066.246429462128,27148.918841063823,60398.85860087798,28999.547710053983,23563.28928771005,20879.676631332957,16239.74215744205,13919.78442088864,16088.24890584464,28999.547710053983,16490.448003196718,29966.19360015389,25137.885352735233,53528.013552455224,21379.2072452168,19333.031806702656,23141.425465808272,13172.255572983808,46575.45316780065,46618.84999880885,14450.76133245136,11738.579910196271,13079.930763061344,31485.195991523575,19795.558393559535,20299.67769680256,18110.68286463083,20110.306382109775,19318.05918883501,15082.72741148432,14846.671170267664,19333.031806702656,9907.635853529568,6033.0919146329325,30932.839490253795,14846.671170267664,13683.623675359457
5,21284.748647240354,37854.86471987173,19720.52030699977,44347.78624660641,24063.053386906402,24249.55670451438,14781.072863254632,20651.540106935357,11639.786473336164,13676.749571689204,19227.507532084383,14781.072863254632,21284.748647240354,37625.41870683156,18946.3711705686,14288.376641402283,25219.540462356425,67780.08449907032,26622.69915581522,40670.629957225705,21100.952352609176,20706.545856830548,19708.10025446758,11639.786473336164,54616.084856483125,42391.51504259121,42178.975507254276,18946.3711705686,12423.925652021488,17430.659242430902,21186.207540793042,41684.71569679574,60783.17090899652,17051.735915588582,69865.85822445755,32038.34452556926,17525.392401737536,13795.671109165725,18734.49475716899,14790.383247461674,41972.36220061107,11832.306597969337,21339.61474137244,19708.10025446758,53672.310648472485,26622.69915581522,15766.483927727748,7489.0784691130475,15325.721028982267,26524.921500872882,26605.940464242543,62384.58179605825,30950.445589898965,25568.45398331725,20462.0830987063,15914.947314293207,13641.388732470865,15766.483927727748,30771.876416659583,16160.639043132784,29366.86972815081,24635.127645680524,55855.72084906077,20951.623100312463,18946.3711705686,22678.596956492103,12908.81046152413,48350.8005076432,48608.30459550426,14161.746105802333,11503.808311992345,12818.332147800114,33259.56028339701,19399.647225688343,22433.848123274103,17748.469207338214,19708.10025446758,18931.698005058308,14781.072863254632,14549.737746862309,18946.3711705686,9709.483136458975,5912.430076340273,30314.182700448717,14549.737746862309,13409.951201852266
6,20859.053674295545,39730.6071486453,19326.109900859774,47015.935392004656,26016.83649962313,23764.565570424093,14485.45140598954,22578.440087674095,11406.99074386944,13403.21458025542,18842.957381442695,14485.45140598954,23340.403554989454,39859.511625069674,18567.443747157227,14002.609108574237,27030.88025977129,80188.08138384261,28484.374652386297,43008.63275787137,20678.933305556995,20292.414939693936,19313.93824937823,11406.99074386944,57185.16364607689,44524.626773920245,44299.591320533844,18567.443747157227,12175.447138981057,17082.046057582284,20762.48338997718,43697.639400852604,62987.57136261626,16710.701197276812,82492.07476012775,34152.51494052011,17174.884553702785,13519.757686982412,18359.804862025612,14494.57558251244,44071.37251959371,11595.660466009951,20912.82244654499,19313.93824937823,56025.304336625675,26090.245172698913,15451.154249173193,7339.296899730786,15019.206608402621,25994.423070855424,28411.89061292631,64337.781889977196,32935.653945675105,27483.9867577767,20052.84143673217,15596.648368007343,13368.560957821448,15451.154249173193,32632.755323829268,15837.426262270128,28779.53233358779,26549.142130197954,58209.678267489595,20532.590638306214,18567.443747157227,22225.025017362263,12650.634252293647,50050.41287248738,50623.366718832294,13878.511183686285,11273.732145752498,12561.965504844113,35127.47089513004,21398.958585317574,24865.163376336877,17393.49982319145,19313.93824937823,18553.06404495714,14485.45140598954,14258.742991925063,18567.443747157227,9515.293473729796,5794.181474813468,29707.899046439743,14258.742991925063,13141.75217781522
7,22700.639700872624,41550.388172095576,21236.30389030477,49678.91883420373,27965.393386701737,23289.27425901561,14195.742377869748,24594.296316937303,11178.850928992053,13135.150288650311,18466.09823381384,14195.742377869748,25368.94982905061,42111.84314581293,18196.094872214082,13722.556926402753,28846.770358919635,92570.4920242501,30335.757805041172,45397.24848488419,20265.354639445854,19886.56664090006,21210.16849766044,11178.850928992053,70099.82160119982,46642.54896435595,46421.95942485467,18196.094872214082,11931.938196201438,16740.40513643064,22700.1876372445,45840.50172775168,65236.49929748562,16376.487173331276,84519.1435672919,36186.72153669843,16831.38686262873,13249.362533242762,17992.6087647851,14204.684070862191,46206.79904510651,11363.747256689752,20494.56599761409,18927.659484390664,58253.815095529106,27910.83961325737,15142.131164189728,7192.51096173617,14718.822476234569,25474.534609438317,27843.652800667784,66499.82344478609,34858.467492568074,29231.83045038975,19651.784607997528,15284.715400647196,13101.18973866502,15142.131164189728,34492.618747706074,15520.677737024726,28203.941686916038,28605.87719910126,60639.829701096125,22431.816236919687,20478.87063967236,21780.52451701502,12397.621567247774,51683.36098223269,52573.219794379525,13600.94096001256,11048.257502837449,12310.72619474723,36924.506811078354,23435.79239440541,27208.208519217333,17045.62982672762,18927.659484390664,18182.002764057997,14195.742377869748,13973.568132086562,18196.094872214082,9324.9876042552,5678.297845317199,29113.74106551095,13973.568132086562,12878.917134258916
8,24561.114487431387,43402.01208467692,23091.378605624093,61879.0767012578,29824.9657487917,22823.488773835295,13911.827530312354,26477.66916576438,10955.273910412212,12872.447282877305,18096.77626913756,13911.827530312354,27167.013940269077,44206.9277455104,17832.1729747698,13448.105787874698,30680.89347529593,104864.07924197061,32173.683375163288,47716.69981157886,19860.047546656937,21723.447421861092,23109.797901531976,10955.273910412212,83015.35454373491,48810.68672699184,48663.08468948894,17832.1729747698,11693.299432277408,16405.597033702026,24603.320843655623,48050.27862641798,67563.821981171,16048.95742986465,97041.08963305553,38157.23183707885,16494.759125376153,12984.375282577907,17632.756589489396,13920.590389444946,48339.8689370192,11136.472311555955,22346.86246195163,18549.106294702848,60466.9421135491,29615.353930334353,14839.288540905933,7048.660742501447,14424.446026709877,24965.04391724955,29550.233173513723,68720.34748217427,36691.899844081614,31252.188316638454,19258.748915837576,14979.021092634252,12839.165943891718,14839.288540905933,36325.117084122234,15210.26418228423,27639.862853177714,30668.889899472073,63047.95218711627,24331.779375579325,22422.489150602196,23757.415492987715,12149.66913590282,53230.433338373376,54644.78286302406,13328.922140812308,10827.292352780698,12064.511670852286,38768.191041786566,25497.464579111696,29464.042794105404,16704.71723019307,18549.106294702848,17818.362708776836,13911.827530312354,13694.09676944483,17832.1729747698,9138.487852170096,5564.7318884108545,28531.46624420073,13694.09676944483,12621.338791573737
9,26436.89042280017,45329.70935157989,24944.165664841883,73756.84317758295,31757.049581849536,22367.01899835859,13633.590979706107,28299.992350439206,10736.168432203967,12614.998337219758,17734.840743754812,13633.590979706107,29117.355050539838,46468.45181981458,19656.33815328411,13179.143672117203,32513.808324166115,117905.85292407383,33931.50316996791,49982.53921288786,19462.846595723797,23658.955669296938,24976.420286251287,10736.168432203967,96027.78871321658,51034.261836622434,50901.414618148214,19734.821511159116,11459.433443631859,16077.485093027984,26620.111884005608,50268.59529381324,79449.73244915878,15727.978281267357,109267.61744744064,40135.837596023615,16164.863942868631,12724.687776926348,17280.10145769961,13642.178581656048,50410.74898905477,10913.742865324837,24116.869184232306,18178.12416880879,62627.33904298698,31302.490798971976,14542.502770087814,6907.687527651418,16316.864279078707,24465.74303890456,31177.918786051443,80662.98261720318,38455.30705747524,33509.37352304562,21083.756168814707,14679.440670781567,12582.382625013885,14542.502770087814,38104.523610192424,14906.058898638545,27087.06559611416,32632.40657671465,75055.75360799526,26069.122394143036,24480.502766188936,25677.450681948816,11906.675753184762,54728.4065977268,56737.1329869934,13062.343697996062,10610.746505725085,11823.22143743524,40891.5507773905,27552.7845516895,31618.760354283455,16370.622885589206,20392.16664864038,17461.9954546013,13633.590979706107,13420.214834055932,17475.529515274404,8955.718095126695,5453.437250642638,27960.836919316713,13420.214834055932,12368.912015742262
10,28309.31598203229,47230.27929937559,26839.908890296734,85556.5950974965,33679.82779699127,21919.67861839142,13360.919160111984,30136.679068439596,12771.504685714845,12362.698370475364,17380.143928879716,13360.919160111984,31250.571404042552,48851.49254423054,21518.292492649347,12915.56079867486,34343.641049654114,130776.87791130318,35700.173289023136,52283.89481830265,19073.58966380932,25603.59372338059,26809.421819055755,10521.445063559888,108877.36302973921,53295.348408344136,53094.75493340555,21711.20033290316,11230.244774759223,15755.935391167424,28641.56210281216,52574.794285423406,91423.77850372477,15413.41871564201,121263.0616489197,42086.180049389615,15841.566664011258,14717.119132493312,16934.499428545616,13369.335010022927,52514.43800592869,10695.46800801834,25775.61608890324,17814.561685432614,64863.01577642721,32947.16211319027,16514.5378458454,6769.53377709839,18238.06237100867,26117.774444007413,32917.80095882279,91738.82524362298,40294.87509841218,35712.18264224044,22991.586267545572,14385.851857365935,12330.734972513606,14251.652714686059,39936.97457891405,14607.937720665775,26545.324284191876,34658.1176704703,86732.78824265892,27719.358854622624,26414.418226265636,27610.651453347495,11668.542238121066,56158.51106669469,58855.78519491655,12801.096824036142,10398.531575610583,11586.757008686534,43155.78749558869,29544.120994150966,33969.03539577819,16043.210427877422,22116.88334056872,17112.755545509273,13360.919160111984,13151.810537374815,17126.018924968917,8776.60373322416,5344.3685056297845,27401.62018093038,13151.810537374815,14254.579337230223
11,30140.977750540605,49083.411045802764,28780.60968641688,97274.63312802592,35512.99208978009,21481.285046023586,13093.700776909742,32169.869544663623,14782.913361977337,12115.444403065854,17032.54105030212,13093.700776909742,33523.29879132881,61309.53019599756,23406.02196579141,12657.24958270136,36146.02497974444,143315.7027743474,37644.060674971275,54645.97661617205,20811.28044432465,27397.723997266745,28667.228788320543,10311.016162288688,121538.00800132917,55576.01078728806,55306.49116061552,23683.95116007236,11005.639879264036,15440.816683344074,30571.506217710346,54831.3666138083,103178.01782220704,15105.150341329167,132948.31619426032,44154.633749730885,15524.735330731031,16692.85049930121,16595.809439974702,13101.948309822466,54608.823399859204,10481.558647857972,27358.138729900056,17458.27045172396,76223.51062065733,34590.15310061291,18353.676384398623,6634.143101556421,20156.233819347774,27790.395454237016,34688.24133456314,102733.47865489894,42168.37523899386,37757.667510281186,24798.593516876354,14098.134820218615,12084.120273063332,13966.619660392334,41781.27893187689,16436.959538690815,26014.417798508035,36789.86994790292,98303.93558889964,29373.488636417605,28258.653710125694,29311.56743733274,11435.171393358643,57621.98263723182,60980.50618182583,14638.63717723889,10190.56094409837,13485.954906744542,45678.56839977281,31606.32930994422,36229.696923762596,15722.346219319872,23845.43345365863,16770.500434599086,13093.700776909742,12888.774326627316,16783.498546469535,8601.071658559677,5237.481135517189,26853.587777311768,12888.774326627316,16174.039914458555
12,31903.54771827622,50843.52544271617,30646.403088793082,109629.17247000577,37241.668224090645,21051.659345103115,12831.826761371547,34251.77073621199,16551.70604754614,11873.135515004538,16691.890229296077,12831.826761371547,35598.08859741366,73822.30028519114,25367.64809731537,14448.337140448548,37937.60640792246,154828.63087281107,39700.09871188865,66227.26438375984,22487.646731870125,29243.103738226906,30470.923114781715,10104.795839042914,134298.2318699221,57786.72656815121,66369.84270559561,25587.543330382305,10785.527081678756,15132.000349677193,32458.204746304462,66493.10739017915,114930.24259446272,14803.047334502584,143604.904861901,46253.149897947376,15214.24062411641,18662.389726886136,16263.893251175208,12839.909343626017,56674.10880042315,10271.927474900813,28973.988896597344,17109.105042689484,87282.58690313739,36306.67006318979,20191.36734652759,6501.460239525292,22114.360835557403,29501.011506793635,36450.96413368865,113539.38308173158,44040.98400087979,39761.0018543399,26524.123922317838,13816.172123814242,11842.437867602066,13687.287267184489,43583.10036107376,18250.452286010084,25494.129442537876,39123.91651592742,109665.27660809881,30945.12075127108,30145.47165150911,30981.78129559327,11206.46796549147,59035.941606699314,63036.896362945874,16435.28793502309,9986.749725216403,15318.723916777462,57160.9354374295,33635.01930615719,38573.77690121591,15407.899294933475,25513.572398053377,16435.090425907107,12831.826761371547,12630.99884009477,18514.398256213513,8429.050225388482,5132.731512806845,26316.516021765532,12630.99884009477,18089.29777332562
13,33614.92376798634,52604.61678503846,32439.541496822396,122042.84173091773,39058.394436515155,22636.55848734775,12575.190226144116,36284.75764545973,18351.91105926763,11635.672804704447,16358.052424710153,12575.190226144116,37660.374438387764,85097.83503481763,27331.205635830032,16172.378093116462,39643.06620762179,165903.71001434897,41813.23376645096,77109.81617058755,24114.206519867283,30933.354000380314,32220.821599685816,9902.699922262056,147025.45960853522,68754.99722116519,77311.50980276491,27475.55743535576,10569.81654004518,14829.360342683649,34198.02454005351,77669.90839805503,126642.56698029948,14506.98638781253,153502.71115016568,48466.21802482877,14909.955811634081,20560.665916529706,15938.615386151703,12583.111156753495,58676.68543492313,10066.488925402795,30469.761450066802,16766.92294183569,98040.87479747107,37925.50171279504,21901.89048652069,6371.431034734786,23938.769787888767,31097.871884962788,38144.13608889826,124435.62328617799,45991.28999969647,42006.394732089684,28158.63897504416,13539.848681337957,11605.589110250025,15429.685662502174,45332.502191653846,20019.71304725528,24984.246853687117,41388.64993981454,120812.18286188437,32456.971634308742,32053.056097620127,32789.04194327388,10982.338606181642,60398.6159579743,65034.42540666667,18225.36190340244,9787.014730712075,17072.78786639783,69341.07469538317,35787.31763815627,40889.30431607506,15099.741309034804,27155.6499053654,16106.388617388962,12575.190226144116,12378.378863292874,20246.060469192602,8260.469220880712,5030.0768825507075,25790.18570133022,12378.378863292874,20115.85786979184
14,35288.06878336532,54275.498534739636,34207.62885603544,134795.01834067606,40968.553071081486,24354.969658081423,12323.686421621236,38147.64185335024,20102.709797779244,11402.959348610359,16030.891376215954,12323.686421621236,39914.37212081781,86496.13168827936,29235.772536999066,17874.714944581996,41328.06273813214,176908.68807637648,43709.668754457234,87763.42141299273,25693.41043959113,32841.989261155584,33845.55013531421,11824.250241464844,159494.1058176869,79255.88498260829,87593.15134512998,29305.748819423847,10358.420209244277,14532.773135829977,36021.125948936846,88373.04041628068,138261.23657039634,14216.846660056282,162855.80640678815,50532.46597503912,16580.706616436637,22493.032692710643,15619.843078428672,14401.328326605599,60669.48246371693,9865.15914689474,31939.477252614586,16431.58448299898,108391.25454321699,39494.842857629345,23641.765028919155,6244.002414040092,25741.406195004078,32592.355630096747,39663.53630441617,134260.80130932646,47881.60576308829,43811.094816733326,29870.30815989574,13269.0517077112,13393.030521302542,17112.0755890311,47073.74376604892,21684.17446917765,24484.561916613377,43585.7529082558,131809.84057029523,33866.747876062225,34029.819683719434,34723.45066545518,10762.69183405801,61693.46591618996,66927.061897286,19876.954828343034,9591.274436097834,18780.82355198226,80014.77408658178,37765.64708436998,43262.86083005606,14797.74648285411,28721.838934609295,15784.260845041184,12323.686421621236,12130.811286027018,21942.99747123955,8095.259836463099,4929.475344899694,25274.38198730362,12130.811286027018,22098.355317279456
15,36937.12719454228,55902.93503839026,35936.33604646752,147567.26283550134,42841.22958293713,26015.405455772856,14023.257246841544,39979.84451013437,21985.289061418884,11174.900161638152,15710.273548691634,12077.21269318881,41986.64614366558,87507.89328881903,30995.711284383906,17517.22064569036,42934.642324328954,187583.2701003902,45455.14833975104,98239.26434392617,27166.731462668427,34547.936919653286,35391.934284376985,13654.5406283298,171257.7837631495,89576.55366560374,88987.94973222897,31110.090047053713,10151.251805059392,14242.117673113376,37864.944523865124,98185.30148873993,149620.51908588008,13932.509726855156,172580.5760437006,52470.02891425486,18245.34829636339,24340.347240813862,15307.446216860099,16175.803225171003,62599.190002058065,9667.855963956847,33339.675169228416,16102.952793339,118436.67474944687,40961.852977962066,25307.43385038643,6119.12236575929,27437.346393905915,34034.88512326622,41135.39522073472,143474.69368833862,49677.91236771043,45534.396084400774,31592.223122584997,13003.670673556975,15185.887252306853,18736.33525784767,48800.78345404923,23288.401582597748,23994.87067828111,45681.061540738214,142584.673330488,35343.368787198684,35795.23772678846,36653.05814578608,10547.43799737685,62972.179189925875,77647.41246357838,21620.4172182546,9399.448947375877,20485.435718280285,90138.22795277674,39782.94568148414,54041.32916614085,14501.791553197027,30168.317798699652,15468.575628140361,12077.21269318881,11888.195060306478,23534.32085804976,7933.354639733837,4830.8858380017,24768.894347557547,11888.195060306478,23993.50634958731
16,38536.698692277976,57472.262818399824,37529.10663822035,160343.69606530573,44419.40545185803,27545.886062368416,13742.792101904713,41737.13763604175,23522.66210549558,10951.402158405388,15396.0680777178,11835.668439325034,44162.7835401148,88121.2269934016,32731.684557830587,19084.612086264802,44561.60899213054,197602.3573597994,47054.6860193366,108775.53160385758,28599.887321320704,36311.38587338135,36880.15068670893,15378.967346899473,182224.20557458315,99550.4713944218,90291.91880860698,32915.64875115894,9948.226768958204,13957.27531965111,39955.52723077695,107727.47021496379,160554.86565502174,13653.859532318054,182304.31352882605,54236.381127628534,19834.108368564655,26091.411345815683,15001.297292522897,17891.68802586178,64427.441481848386,9474.49884467771,34782.23818413152,15780.89373747222,127463.71593554139,42365.06765776602,26943.08715169141,5996.739918444104,29130.69523995918,35378.04326706273,42533.68514467074,152584.4359629429,51223.711284393685,47059.791872779155,33237.41669653583,12743.597260085837,16922.003993326813,18361.608552690715,50425.725434831074,24819.785833788414,23514.97326471549,47652.59966071112,152873.13970908723,36731.87599926032,37447.38202083905,38428.30157564296,10336.489237429312,64230.91121342786,88377.77330232483,23129.87804024306,11137.85758154184,22171.531908302568,91423.43477968249,41674.80643252504,64523.683924971585,14211.755722133086,31574.039164575675,17048.47198093088,11835.668439325034,11650.431159100348,25024.608371992945,7774.687546939161,4734.268121241666,24273.516460606395,11650.431159100348,25709.69131061505
17,40075.515823686925,59027.07869097195,38901.91155929492,172443.80434515528,45833.9067260968,28948.30688410419,13467.936259866618,43535.49570216711,24947.471428566747,10732.37411523728,15088.146716163443,11598.955070538532,46237.240069278254,89017.07282222784,34426.27819201812,18702.9198445395,46135.14340180753,207045.57056161558,48520.15673038149,118745.46003366091,29950.60942648834,37808.35708309078,38353.142668009204,16961.133845875225,193069.7904328348,109342.35340385715,100411.49542494434,34679.26391772237,9749.262233579038,13678.129813258085,41927.46783896357,117165.02392459866,171171.1308258326,13380.782341671691,191456.35985143407,55891.01842296065,21422.794476225787,27762.69667604822,14701.271346672436,19488.810944420675,74251.98169332503,9285.008867784154,36250.496763878284,15465.275862722774,127899.11081716727,43766.92918415958,28503.19133839596,5876.805120075221,30747.538765077228,36679.52236816188,43982.726802910176,161735.8840782799,52759.0120664296,48600.6726204371,34868.58171995365,12488.725314884117,18501.039847226722,19865.715003326626,51952.24673182091,26280.599332365728,23044.673799421176,49541.24476121923,162773.84186854304,38107.13987660781,38876.37437436898,40046.66914032772,10129.759452680724,65405.72638465272,98905.35176149062,22667.280479438195,12813.165580216464,23769.39673425453,101547.52500573841,43629.18161715157,75180.83719153934,13927.520607690423,32829.76595791527,16707.502541312264,13520.279079646027,11417.42253591834,26460.102732056912,7619.193796000376,4639.582758816832,23788.046131394265,11417.42253591834,27388.08904685432
18,41551.796142087784,60454.89403667805,40151.1594598364,183131.3640336612,47136.667750396424,30243.725124805427,13198.577534669284,45231.39119363897,26347.066506391817,10517.726632932534,14786.383781840173,11366.975969127761,56858.29678462763,89758.09922489263,35995.99349242082,20264.96195463213,47682.82813570391,216788.0476574341,49955.98137733165,128371.53747084987,31193.41721847398,39370.53603169513,39766.85843506971,18679.79843439048,203360.14441809134,118892.63569876096,110344.89916864794,36395.1583015988,9554.276988907457,13404.567216992922,43664.52992125922,126672.26990200936,181351.81106057324,13113.166694838255,200631.6264291205,57521.2074544334,22927.446810592974,29356.254613829977,14407.245919738987,21178.136801489727,75738.98190450184,9099.30869042847,37630.0729963952,15155.970345468317,128226.9052096168,45206.61570753607,30072.488689357324,5759.269017673716,32369.64534839482,37847.74950136388,45397.018140808774,170366.33401072925,54369.20438754615,50134.39897477476,36405.316372043075,12238.950808586435,20009.72366080431,21354.91881796586,53384.10793372223,27659.104911671733,22583.78032343275,51295.058110284735,172294.1503659539,39530.74447786032,40393.45157545177,41515.633235181405,9927.16426362711,66494.68591795389,108641.02662648688,22213.934869849432,14468.081318352517,25251.695255999774,111216.49111627047,45462.28482007262,85135.77823975525,13648.970195536614,34081.51511016196,18234.948548418888,13249.873498053106,11189.074085199973,27858.620366064533,7466.809920080368,4546.791103640495,23312.285208766378,11189.074085199973,29042.563190954803
19,42967.24110370072,61808.46102036386,41482.774024491744,193079.01860577936,48451.12993097996,31506.27700015056,14890.972056013534,46910.37899851752,27790.390662789574,10307.372100273882,14490.656106203369,11139.636449745205,58622.40066933853,99146.39770741158,37420.29954515053,21784.395175210037,49150.984356835994,226797.24509280673,51298.520700727095,137575.36195145696,30569.5488741045,40888.801901792256,41119.80848978803,20371.76221344453,212986.80462363936,128159.81145048692,121177.03750906813,37988.030628523484,9363.191449129308,13136.475872653064,45082.602212052196,135601.55266845235,190957.81459067942,12850.903360941491,209558.04011979257,59215.06792912737,24342.953696214423,30971.47430528514,14119.101001344206,22792.094124347703,85010.69543647335,8917.3225166199,39006.17548830215,14852.850938558951,136340.79694025058,46651.49929094625,31565.285245308598,5644.083637320242,34007.98034951771,38930.41506690487,46723.46775136421,178088.90199729323,55907.23767897561,51691.60222262177,37862.77217624695,11994.171792414705,21500.788162833203,22821.007911421773,54750.74941460634,29159.752736983843,22132.104716964095,53021.10677713831,181928.81821737334,40912.47103518096,42039.3216772686,42834.50052896522,9728.620978354567,67513.92491026777,117702.7538346279,23735.600870404905,16013.1769077403,26649.475550728817,121025.58159939594,47218.04389114291,94661.71916823734,13375.990791625882,35294.39317436935,17870.249577450508,14849.36900105719,10965.292603495973,29122.227964576286,7317.473721678761,4455.855281567685,22846.039504591048,10965.292603495973,30727.53914499003
20,44335.81835107517,63017.23402034649,42905.40703156119,202837.8862487286,49732.479735570385,30876.15146014755,16422.96051696027,48384.2551978125,29272.671037238917,10101.224658268406,14200.842984079301,10916.843720750301,67877.98035704273,99767.90530300759,38802.17426646562,23251.029261868007,50541.34113925752,236725.44863934966,52647.13283149718,146602.0344333972,29958.15789662241,42301.718953964126,42360.68395159704,22136.01398411272,222403.69746937632,137008.74259899458,130439.30187278459,39489.226550445885,9175.927620146722,12873.746355200003,46419.21609849804,144016.09795021522,200372.7411198126,12593.885293722662,218444.98666254792,68456.21753373981,25693.573100691417,32494.806924054545,13836.718981317323,24600.92349046905,93785.82153937704,8738.976066287503,40180.95142826973,14555.793919787771,144794.51106530812,48120.803101417725,32892.95522790334,5531.201964573837,35567.83422221149,39954.63504088469,47901.99035541202,185679.21302776888,57361.4535892424,53152.68032465961,39184.665703612445,11754.288356566412,23003.68884604707,24181.957701457446,56053.95036955914,30647.259105173038,21689.462622624815,54695.94337565386,191324.12788548437,42196.30928839327,43710.42756326966,44006.084987165195,9534.048558787475,68504.74611993236,126115.49065360628,25351.58758967979,17599.754410925263,27952.51470926691,130497.26635704905,48873.19260379071,103710.36240829519,13108.470975793363,36547.904042195296,19324.51699510731,16379.939319610821,10745.986751426053,30314.713720256823,7171.124247245186,4366.738175936332,22389.11871449923,10745.986751426053,32324.072744528436
21,45641.96462586159,64192.29237926712,44346.001017463735,212830.523395053,50877.5591231472,31992.938773415164,17934.299893563526,49686.37441041365,30591.856584648067,9899.200165103039,13916.826124397718,10698.506846335296,69157.95826137331,100206.3029002619,40214.635296271335,24772.08730383503,51842.49620673095,246169.73180506326,54086.15251914426,155212.60998238946,29358.994738689966,43694.80181135891,43498.733082450846,23689.853699736163,231744.14076367283,145452.45261619712,139755.36504344415,40958.24172886411,8992.409067743789,12616.271428096004,47841.63094556857,151898.89736742812,209646.3133005493,12342.00758784821,227167.55451552218,69884.363313001,26990.10573680834,34010.90840550475,13559.984601690978,26085.33316048947,102209.4521261306,8564.196544961753,41334.07327495929,14264.678041392019,153271.32769852024,49434.61837225153,34141.970711434114,5420.57792528236,36984.43940565008,40998.059887702286,48901.131540738126,193070.4591810536,58800.77363382195,54347.500417785326,40464.79278034312,11519.202589435085,24396.999071002956,23698.318547428302,57296.25848575434,32053.328765020968,21255.67337017232,56257.33841764627,200201.12901387634,43430.23216119324,45214.12446165581,45188.84834816313,9343.367587611727,69428.92889788,134141.98481911965,26840.898880450226,19093.631598035514,29193.14474771616,140074.66669094368,50377.57086423072,112119.59841145675,12846.301556277498,37730.23655628591,20674.08396033452,17917.201017265597,10531.067016397534,31447.85131744812,7027.701762300282,4279.403412417605,21941.336340209247,10531.067016397534,33848.4397807022
22,46902.71214505251,65307.50890414244,45557.33626610541,222271.88310235174,51880.1599627847,33213.91901132176,17575.613895692255,50929.29423065052,31840.720220224317,9701.216161800978,13638.489601909763,10484.53670940859,78388.77364174098,100043.09171209001,41516.48304763166,26145.766412371286,53083.46938704663,254610.47717112515,55539.21739454209,163655.36695251055,28771.814843916167,44845.37243037156,44573.194837437564,25339.585257817624,241156.3377488722,153422.4807531184,147377.93584737473,42422.83597740915,8812.560886388912,12363.945999534084,49304.43643122381,159176.025553317,218655.11305791125,12095.167436091246,235957.88263735326,71140.63131659414,28244.05540730401,35478.694378154694,13288.784909657157,27290.28041414314,110305.17353583344,8392.912614062518,42388.427518288234,13979.384480564177,161439.96932280526,50768.30341098832,35317.39577185325,5312.166366776713,38178.918499485124,42006.50572373834,49879.33492420467,200405.0427486137,60210.32562108506,55167.31275706573,41786.92079198644,11288.818537646383,25712.023984116826,23224.352176479733,58492.18184564603,33301.24965666708,20830.559902768873,57682.71794354349,208748.2313303252,44623.24621055731,46532.17369479363,46253.04690332089,9156.500235859494,70305.71143281381,142286.3505544898,28226.708979841755,20518.354301947304,30311.783017156977,149148.44194484444,51738.908130731535,120051.20406168654,12589.375525151949,38801.18701375402,20260.602281127827,17558.856996920287,10320.445676069583,32510.32438690103,6887.147727054276,4193.815344169253,21502.509613405062,10320.445676069583,35157.47551952883
23,48114.60519648833,66407.5669353923,46513.250734294124,230899.6060745409,52910.338634948435,34527.09496538912,18985.418203602283,52253.474022233524,32901.239866539814,9507.191838564957,13365.719809871567,10274.845975220418,86865.4633644437,100270.4138721908,42714.0616186597,27598.96683526381,54265.90577600998,262689.39881588425,56913.1504737096,171652.70847654008,28196.37854703784,46083.8256653866,45598.78734610751,26775.083751620514,249331.3357563911,161323.9927416365,154190.64684449462,43787.23268430566,8636.309668661133,12116.667079543402,50701.432179417614,165921.68690518668,227425.81858863382,11853.264087369418,244238.2782576407,72304.8824564938,29421.44328382511,36862.04448341321,13023.009211464014,28436.59559581422,118215.80461913826,8225.054361781267,43462.064733655316,13699.796790952892,168912.0913340028,51871.430458400086,36531.0624546795,5205.923039441179,39220.98654036418,42903.499405088616,50800.996566934395,207579.02859705783,61476.93843003082,56010.584373342135,43027.3703495436,11063.042166893454,26949.516372863072,22759.865132950137,59605.51052862748,34467.278543110755,20413.948704713493,59068.17822724927,216825.1345857366,45756.21361425126,47703.31858999951,47266.46776447474,8973.370231142302,71120.1276652188,150280.05587157753,29508.191969469644,21800.657285822745,31340.496364747592,157711.93934944153,52936.87307890415,120297.0021258108,12337.588014648909,39789.84306663325,19855.39023550527,18861.383665969413,10114.03676254819,31860.117899163008,6749.40477251319,4109.939037285868,21072.45942113696,10114.03676254819,36470.08281428295
24,49276.28335965502,67431.19075175711,47350.50158510165,239163.28323121957,54064.39212467215,35750.702991487815,18605.709839530235,53623.091511728046,33906.60235187313,9317.048001793657,14743.46022626242,10069.349055716008,95750.55416223273,100534.03562549749,43803.37111461067,28885.137053269485,55392.91929725657,270432.7904628428,58134.014672820034,179648.79080622742,27632.45097609708,47104.96551529918,46587.7464063877,28332.205302687908,256486.08682559538,168937.731892802,153636.49176524708,45044.158398830055,8463.58347528791,11874.333737952531,52048.26435206052,172168.40528025827,235761.56219909873,11616.198805622029,252185.3617597314,73420.50568872184,30561.8176395648,38150.73071767581,12762.549027234732,29680.67305209018,126250.09488871433,8060.55327454564,44362.304418287844,13425.800855133833,175987.07290460315,52872.60812162507,37704.67733384281,5101.804578652354,40158.58965664556,43735.90745262239,51772.71351114237,214432.57112995005,62459.192483966995,56617.350409694634,44201.48728024375,10841.781323555584,28103.918668011567,22304.66783029113,60638.83964651352,35559.13727589118,21665.28453098011,60494.689563198284,224990.87818282793,46690.48015510155,48956.46342230263,48322.46475843157,8793.902826519456,71897.41574002252,158114.48965226786,30899.494412099593,23044.950012993537,30713.686437452634,165381.45934694912,54108.370588649006,127981.28479715022,12090.836254355929,40708.054386858756,19458.28243079516,20141.497150513685,9911.756027297224,31222.915541179744,6614.416677062926,4027.74025654015,20651.010232714216,11517.29551672679,37700.49369224956
25,50379.37690170923,68370.23425022906,48217.58852066897,247016.73792594208,55260.448332083164,36778.446054938366,19833.320688440093,54887.341339473955,33228.47030483567,9130.707041757783,14448.591021737173,9867.962074601688,103585.18246187817,101070.81161532368,44941.45309057297,30253.789746061113,56453.14582804303,278702.38088594837,59198.94215433318,187411.37158842615,27079.801956575142,47962.337583667635,47520.35946883761,29546.150729064564,262904.41220123577,176428.64256723342,153105.66131796865,46175.091699954646,8294.311805782152,11636.847063193482,53427.314696675494,178106.70696090037,243889.43726600512,11383.87482950959,260223.56846056695,74427.66168305432,31668.68135135013,39384.95273428511,12507.298046690039,31061.49432292317,133744.90856144478,7899.342209054728,45185.36885509618,13157.284838031157,182634.35169061608,53837.20611488829,38826.21068139807,4999.768487079308,41173.22558118139,44568.579728635224,52806.32239433583,221204.3183540278,63232.478449468406,57177.44157084371,45218.80823537511,10624.945697084473,29225.596286058215,21858.574473685312,61522.23684321221,36568.93703882512,22861.558170423443,68840.07175055999,232591.82582850504,47530.86147424131,50133.09194136636,49450.504369755494,8618.024769989066,72627.2722553061,165276.97271615278,32185.326655336623,24225.036097165674,30099.412708703585,172897.8323168024,55344.28456951914,135404.63315879295,11849.019529268811,41622.465684836294,20668.20076325551,21507.853376648294,9713.52090675128,30598.45723035615,6482.128343521668,3947.185451409347,20237.990028059932,12898.820504794729,38964.454282776336
26,51399.970248960104,69251.7396568597,49044.29907313755,254883.96249352043,56399.88477011177,37665.64471226398,19436.65427467129,56043.76861475437,32563.900898738957,8948.09290092263,14159.619201302428,9670.602833109655,111321.79307361336,101347.33951091011,46026.33333142498,31502.435694915537,57437.663284248294,286744.99252027593,60257.38595700899,195094.55481367424,26538.205917443636,47003.09083199428,48315.34187270037,30686.77894226534,269372.9856917522,183425.54747926933,159902.71030812222,47325.883693776996,9800.54931101625,11404.110121929612,61586.50215820208,183738.6097321023,251385.77900864775,11156.197332919397,268350.89738028665,75423.56419902566,32657.306757264538,40600.17489813684,12257.152085756237,32187.93581360206,140646.30574859053,7741.355364873634,46000.61096085002,12894.139141270534,189078.10759426918,54826.227223977374,39825.0606854283,4899.7731173377215,42237.6620760122,45484.62011763199,53866.625016724785,227765.4691697326,63922.33169146549,57692.482145382935,46165.31447757261,10412.446783142783,30317.125980997203,22989.963838827807,62329.66803907353,37570.78348177195,24024.675083966304,76999.29567612954,240062.15208144582,48314.20203219199,51280.322236247106,50548.19879436512,8445.664274589286,73271.20942515145,172289.53785962184,33466.43361399887,25396.16438622731,29497.424454529515,179706.08499654502,56532.850465376614,142131.27340699363,11612.039138683434,42531.06915680338,21901.7405640003,22797.91496836411,9519.250488616255,29986.488085749028,6352.485776651235,3868.2417423811603,19833.230227498734,14213.977534881053,40072.00836354061
27,52346.78864700426,70111.96330218512,50038.486248819274,262955.77185911324,57296.61973346336,38575.30864312021,20572.368058757682,57145.93437569409,31912.62288076417,8769.131042904175,13876.426817276379,9477.19077644746,111493.28521172167,108398.54966893453,47071.480529408116,32645.17417319252,58366.52991607556,294267.5585965091,61263.065332483166,202370.56109872388,26007.441799094762,46063.02901535439,49050.050607774574,31714.880535254815,276025.011883478,189998.2281187454,165914.1322070501,48387.84426456818,11266.601433006857,11176.027919491018,69518.41400248733,182528.22686684443,258352.80044694338,10933.073386261009,276091.1482182365,76347.77259332352,32004.16062211924,41821.51428096961,12012.009044041111,33053.202856469936,147007.57121450547,7586.52825757616,46904.71268113337,12636.256358445122,194982.6582973411,55729.432588394026,40907.38696116221,4801.777654990967,43243.05193090097,46484.95027417612,54827.619531185526,234258.85310054314,64559.297693678935,58164.05012031225,46997.72980752111,10204.197847479927,31434.59009203932,24093.30280275572,63080.19319444651,38482.58798967865,25088.884524288576,84594.09307432541,247154.56720455727,49083.462659026554,52245.25086526823,51453.029337663946,8276.750989097498,73884.04240502628,178348.7157675724,34353.021529598,26524.06948262529,28907.47596543892,186775.74814855802,57520.58204394577,141718.8248648157,12929.891212171915,43428.0069323073,23114.6902345993,24051.72781081695,9328.865478843929,29386.758324034043,6225.436061118209,3790.8769075335367,19436.565622948758,13929.697984183429,41028.10831229268
28,53216.018203832195,70944.287113292,50918.51030441057,270761.32542872685,58123.25147047201,39433.09551163783,20160.92069758253,58108.57276598353,31274.37042314889,8593.748422046092,13598.89828093085,9287.646960918511,111459.82808502208,108454.35190123325,48029.55278765425,33558.94899039476,59235.26690136365,300894.7623808217,62333.171956307175,209480.4443426089,25487.292963112865,46708.41474525067,49712.87929964034,32658.974853006428,282715.5716916066,196035.08838156093,171827.3177766209,49358.23861030113,12640.78229765133,10952.5073611012,77314.78134718949,181177.19997642958,264775.635271831,10714.411918535789,283099.90908200596,83720.7055427993,31364.07740967686,43024.959591523766,11771.768863160289,33903.85076909165,153332.21411603125,7434.797692424638,47754.25009167077,12383.53123127622,200775.50332845966,56529.41167635325,41952.289153520534,4705.742101891147,44091.19935678159,47413.968109708454,55722.78939967768,240032.32122098946,65190.800337224944,58593.67838338624,47778.38250604904,10000.113890530329,32506.273052760633,25236.81852083909,63833.1763767316,39356.766172877506,24587.106833802805,92101.71689871182,254279.8837939286,49836.47078919611,53062.023233237196,52313.35931186829,8111.215969315549,74443.4842597381,184139.6645379203,33665.96109900605,27602.40158569926,28329.32644613014,192702.01852836972,58321.52942381852,141287.7646896466,14182.893374281928,44228.551146270845,24315.176485025047,25236.994205002036,9142.28816926705,30301.35206275637,6100.927339895845,3715.059369382866,19047.834310489783,13651.10402449976,41951.91457604313
29,54028.72882032146,71771.11371590276,51898.47693002947,278275.28149904567,58826.839925485714,40286.695597846396,19757.70228363088,59032.376786552246,32176.87086411955,8421.87345360517,14806.161540570607,9101.894021700142,111205.45020441551,108497.54253294227,48964.371815847924,34388.23286158011,60078.88765067406,307344.03002988413,63269.18349089281,216265.42125979674,24977.54710385061,47309.55983434497,50363.5161489194,33552.61944583388,288953.408111441,201604.28110680677,177284.77123947776,50214.19945866735,12387.966651698303,10733.457213879175,84971.63566268452,179875.27887572686,270998.2101596338,10500.123680165072,290115.6745591048,84383.71519257686,32188.632933088822,44210.91075229156,11536.333485897083,33225.77375370982,159150.8202112275,7286.101738576145,48475.888976844704,12135.860606650696,206406.93775412705,57231.1266126443,43055.73622424564,4611.627259853325,44746.590077177876,48244.25089621154,56667.58601147613,245115.20205247065,65771.21909909406,58982.85589588916,48531.88785879009,9800.111612719722,33509.25591416595,26296.282624355983,64552.280975115,40124.74373066856,24095.36469712675,98921.45762438745,261058.75475138996,50530.63377314532,53834.84028662247,53131.26763500875,7948.9916499292385,74999.23023853825,189479.97131094016,32992.641877025926,28605.408105198974,29278.002770992192,198799.51787137712,59045.502505724864,140829.07836107796,13899.23550679629,44946.15389626171,25461.810304474006,26247.430334111097,8959.44240588171,31219.621154232376,5978.9087930979285,3640.758181995209,18666.877624279987,13378.081944009766,42822.00561050039
30,54776.69291391021,72525.53812750768,52598.080908272364,285282.42808438156,59555.75652821869,41047.55304838894,20793.60475729023,59931.53771648452,33237.611716606625,8253.435984533067,15981.90853923526,8919.856141266138,111038.74637035091,108439.85399611044,49865.31379580081,35332.5234753084,60880.352137853995,313261.8994165715,64088.07398520295,222718.62836016872,24477.996161773597,47867.975753977385,51008.2647935719,34397.454665007026,294686.1998178002,206789.43913429402,182925.16915109285,51039.07737636704,12140.207318664337,10518.788069601593,92891.22291165846,178521.86077931014,276984.78122804395,10290.121206561771,296234.6827909212,85028.59270834169,33094.02891395489,45375.3076546876,11305.606816179143,34224.329697827234,158277.60975126026,7140.379703804622,49128.029676547616,11893.143394517681,211732.80460579577,57934.76988132147,43997.7286442685,4519.394714656259,45379.279821693446,49022.35678401061,57547.20746485997,249512.92974070337,66226.0907292671,59333.02883653859,49236.486525241475,9604.109380465328,34445.272976576816,27332.694671098827,65227.36603316177,40791.225364791324,25072.721756168266,105855.69046074165,267210.92182930704,51209.415971565744,54562.14982144923,53929.745134139084,7790.011816930653,75492.0992582694,195027.95556735992,33829.81257001409,29533.779592668685,30217.479622996925,203533.351095903,59759.4871825377,146830.81208740157,13621.250796660364,45606.07846930001,26583.67949601753,25722.481727428873,8780.253557764076,32108.815133843418,5859.33061723597,3567.9430183553045,18293.54007179439,13110.52030512957,43673.6774399754
31,55453.16797917253,73262.5160238563,53409.934737204705,292084.53508442745,60413.93338832337,41762.26079803171,21875.189928069467,60901.169559631744,34228.048102796,8088.367264842404,17125.594820342172,8741.459018440815,111087.62010142417,108522.76828550402,50692.98091496662,36300.09776270452,61626.13183331396,318820.11681096157,64879.83525249756,228854.333738802,23988.436238538125,48385.13121289077,51586.349985104636,35195.07542763491,299688.1850459418,211492.31805460888,181358.41667750076,51808.324714464514,11897.40317229105,10308.41230820956,99921.97226975695,177161.26771032374,282586.9284302792,10084.318782430535,302534.3404945207,85603.67569284074,33886.442407488226,46388.0900005889,11079.49467985556,35045.47382295898,157249.66105424007,6997.5721097285295,49747.02895894704,11655.280526627328,216452.58234918935,58532.63865016715,44998.24338559706,4429.006820363133,46070.34655067045,49750.040735939234,58342.29411001567,253242.94690085007,66722.07997510185,59645.601717203695,49978.95752379779,9412.02719285602,35223.187257302765,28329.865590238223,65828.59102650193,39975.40085749549,26073.969073724063,112395.36307645234,272622.02040068293,51862.28627124484,55407.760746798354,54577.4925477275,7634.21158059204,75977.56614443028,199420.07003640267,34592.13268305333,30479.62157369431,31081.907735070756,208354.49417254454,60368.50424352686,146155.19052037995,14740.322429127931,46324.96737095259,27575.40820161694,25208.032092880294,8604.648486608794,32896.107835419185,5742.14400489125,3496.584157988198,17927.6692703585,12848.30989902698,44452.70731215752
32,56050.39616300651,73878.36043774789,54157.75724893511,298838.45766837517,61118.71848474454,42462.27648472608,21437.686129508074,61745.37280496905,35171.11363230659,7926.599919545556,16783.08292393533,8566.629838071998,117519.36492094524,114873.8639223883,51484.89352999224,37351.134875880205,62286.68772944705,323588.18472556776,65717.75919294084,234412.59016131106,23508.667513767363,48862.453263146024,52141.553073882584,35947.03237789168,304592.3544557592,216038.47105572195,179907.37970636794,52474.16094844124,13124.725780445393,10102.244062045367,106141.48430201616,175679.00666056437,287511.1579326295,9882.632406781924,307855.38009084755,86111.63877138706,34662.01864102852,47342.60813374416,10857.904786258447,36093.377280033754,156199.51920826483,6857.620667533958,50311.511744966825,12808.116918107708,220683.23023450634,59015.87894939382,45878.03063241464,4340.42668395587,46796.272460578664,50429.008387077105,58971.402552843974,256644.38615403086,67093.12322334421,59921.93847110758,50610.08230244323,9223.7866489989,35906.072904492656,29197.38146531475,66373.97139075173,40560.25632269255,26991.108886652124,118631.10631980446,277564.86771025206,52477.11482330093,56218.74491736773,55127.48705517042,7481.527348980198,76392.39501377562,203847.22872089277,35276.228511169815,31343.573191585634,31879.56502924197,212328.83802767115,60925.519157172435,145385.00333488575,15849.60299859703,46954.51030406979,28518.79538175872,26131.303901109874,8432.555516876619,32238.185678710797,5627.301124793425,3426.652474828434,18952.683507755497,12591.343701046439,45213.31827031861
33,56569.39608217196,74450.57352266081,54946.50070576747,304175.98125582386,61771.516528485285,43035.17775984087,22378.24610390878,62408.496213117556,34467.69135966046,7768.067921154646,16447.42126545662,8395.29724131056,124126.38795963957,120597.00868876338,52234.99238067657,38190.7516827492,62871.88422873246,327756.82086273003,72413.70666016515,239525.10348926976,23038.494163492014,49301.32837890591,52598.86134728172,36654.833019967125,308288.8576894371,220174.84628758515,178441.84084740948,53019.481359376136,14210.873919905402,9900.19918080446,106071.70425675719,174030.65491399475,292127.6384835577,9684.979758646286,313574.3791099872,86412.94354606088,35351.81282608535,48264.839125572646,10640.746690533279,36858.72184649723,155251.14812777887,6720.46825418328,50802.572313083474,13899.516334974976,224658.0708370717,59377.57853783028,46675.81595678375,4253.618150276753,47466.67200231982,51060.91731587509,59531.730016236266,259743.91203992759,67402.8299377131,60163.363514168435,51177.44498732496,9039.310916018921,36540.777870266655,28613.433836008455,66807.7045201734,41136.630776103,27802.775087989103,118434.06731042365,282089.0586962165,52995.905880436556,56989.57858795785,55650.96657093711,7331.896802000595,76780.77792283407,207831.71095438773,34570.70394094642,32171.075948595095,32582.66805321233,216060.86600985934,61453.058327269464,144435.06309933882,16877.693426019327,47509.43826808558,29365.11856987858,27051.787965888467,8263.904406539086,31593.421965136582,5514.755102297557,3358.119425331866,19909.203080464697,12339.51682702551,45965.719198252045
34,57013.03597146164,74931.34468557835,55682.03132142695,310168.8800873293,62163.163298663734,43552.650193845715,21930.6811818306,63078.77478892086,33778.337532467245,7612.706562731552,16118.47284014749,8227.391296484348,129959.88461999602,120185.68289101623,52925.289262000624,39050.84882356451,63384.96580260714,331305.66145193484,73047.53103069463,243846.3704696904,22577.724280222174,49703.10350873015,53028.62993918135,37319.94282340839,312021.71069196705,224432.92422620548,176962.96059092678,53465.67402065806,13926.656441507293,9702.195197188372,106082.80348921561,172317.09583476928,296369.2804578636,9491.28016347336,317326.09134075284,86596.45918425979,35967.48776577959,49112.102648136584,10427.931756722613,37627.73475080043,159970.70898318203,6586.058889099614,51241.5755357669,13621.526008275478,228495.23160947647,59729.72165536047,47398.60658236614,4168.545787271218,48024.0199156449,51647.37828416633,59945.42295850224,262656.8191132524,67583.87731600321,60371.16278011841,51621.00893502047,8858.524697698544,37208.908844662255,28041.165159288288,67207.47585900052,41779.77228739538,27246.719586229323,118046.03098868196,286159.0699988974,53454.6435487624,57726.96563142031,56142.040453457026,7185.2588659605835,77107.97653741245,211985.25602472515,35226.547242104534,32890.77770847077,33284.011726579716,219741.44096477376,61893.658223032544,143433.36797127567,17896.071432262175,47972.56219107339,30135.89610973326,27914.224106372425,8098.6263184083045,32287.761859802555,5404.460000251605,3290.9570368252284,19511.019018855404,12092.726490485,46649.7178959768
35,57385.091265947354,75328.72263870714,56366.16211217775,315263.4176296821,62514.7472206638,44081.77309688214,22965.101264126642,63721.5163682797,33102.7707818179,7460.452431476921,15796.10338334454,8062.843470554661,135264.67655638274,119722.78502119977,53567.08041895296,39713.24275939733,63796.87551967179,334154.9630491944,73571.33340505321,248069.89629093438,22126.16979461773,50069.08710200985,53400.737571267426,37943.78630150402,315481.93403132,228147.84613540623,175471.8588083644,53872.49962312939,13648.123312677146,9508.151293244604,105853.79833816344,170577.20724519543,300199.8785327873,9301.454560203892,320669.9180107543,86675.78852043462,36555.72028543972,49828.33714022542,10219.37312158816,38341.95333684104,158818.27379246746,6454.337711317621,51680.548673797355,13349.095488109968,231939.62649122844,60068.64243603477,48129.694108353906,4085.174871525793,48529.50954266537,52189.95644679956,60203.0918699549,265133.27542972565,67899.82246105172,60546.58473002471,52114.348477653075,8681.354203744571,37873.74134926419,27480.34185610252,67550.88101450227,42301.64312007207,26701.785194504733,117583.6403268203,289504.73921291967,53943.68651493623,58441.741103094915,56668.5606845024,8333.12127453821,77411.2995223579,215466.66997799018,35871.74644697884,33599.16985357337,32618.33149204812,223403.15882631383,62257.013488158016,142423.1401123044,18867.69172905875,48399.971757277795,29533.178187538593,27355.939624244977,7936.653792040138,32977.87379190156,5296.370800246573,3225.1378960887237,19120.798638478293,11850.8719606753,47230.148665438915
36,57693.32617707277,75650.74388303533,57000.65485876994,320572.6285321647,62856.14035000132,44671.21967436962,23815.1888183235,64352.09788244733,33743.558297984106,7311.243382847382,15480.181315677648,7901.586601143567,134566.7425079527,125437.24382626034,54123.85558152297,40323.5564498778,64141.33671547352,337052.7645179023,73785.3315399289,252078.43869478407,21683.646398725374,50400.55011015488,53704.67879249225,38527.748063346466,318678.93975282204,231582.12110718802,173969.61591286818,54164.455180119956,13375.160846423603,9317.988267379711,105516.95556563447,168877.35941421898,303054.9356469805,9115.425468999814,322525.1784651667,86703.92695384758,37084.74104165236,50324.38665824078,10014.985659156397,39093.55533373161,157406.77477762048,6325.250957091269,52025.54278059526,13082.113578347768,234939.34224294932,60416.31663458582,48960.86329748004,4003.471374095277,48947.851955617196,52690.172531613796,60502.38553422363,261826.61635687205,68205.88701874313,60690.84133682272,52524.35985600145,8507.72711966968,38433.676779024114,26930.735018980467,67827.98003149038,41455.610257670625,26167.74949061464,116948.02386953062,292310.6916552895,54449.04747856207,59081.91219344324,57039.71621853321,8166.458849047447,77671.40309917356,213132.46949442633,36424.92435860401,34266.070005256974,31965.964862207158,227416.90223545386,62506.91322348528,141387.12138133883,19851.858330570794,48727.63015614422,28942.51462378782,26808.820831760077,7777.9207161993345,33600.62691816202,5190.443384241642,3160.635138166949,18738.382665708727,11613.854521461793,47769.5471973728
37,57938.23420470545,75859.82239524009,57587.22143065358,324188.4692777762,63167.380117007735,45261.47299509946,24633.25630232251,64733.76022544149,34330.83191241691,7165.018515190434,15170.577689364094,7743.554869120696,133842.6200162053,130367.596084178,54569.890162613076,40857.428574895726,64402.024736735606,338993.5822822389,73979.6096356577,255861.72668098312,21249.97347075087,50698.7269631333,53887.52321912993,39073.173840194606,321621.87247185153,234343.80432732668,172457.27398966844,54356.760404651286,13107.65762949513,9131.628502032117,104753.26946230746,167130.0669923125,305331.9025569538,8933.116959619818,325001.6987849724,86677.43143717953,37590.49617805481,50677.30182559535,9814.685945973268,39950.309004447845,155818.80283338393,6198.745937949443,52260.05365004195,12820.471306780812,232254.35930026748,60671.64420459445,49627.3722497145,3923.4019466133714,49282.5120591762,53149.503990456746,60756.099241443786,258605.90635473817,68376.361179554,60805.10904545679,52849.711628566554,8337.572577276287,37665.00324344363,26392.120318600857,67999.886015866,40626.498052517214,25644.394500802344,116272.52335546787,294921.6563393214,54854.10877902742,59673.0997437364,57354.65482561387,8003.129672066498,77871.86973207764,210786.74486936833,36934.20099799923,34868.752273412596,31326.64556496301,230239.64450807468,62785.46079576439,140317.7772973797,20712.698416836665,47753.077553021336,28363.664331312062,26272.644415124872,7622.362301875348,32928.61437979878,5086.634516556808,3097.42243540361,18363.61501239455,11381.577431032558,48230.148810035
38,58103.71154990734,76003.42318136185,58127.52507771837,326946.4790789951,63375.807040846536,45763.98385627046,24140.59117627606,65042.50704866361,33644.21527416857,7021.718144886626,14867.166135576814,7588.683771738282,138534.94819385445,129279.99735260989,54897.626626040255,40040.28000339781,64594.49499108332,340527.60150260234,74006.4857225066,259108.34212164834,20824.97400133585,50964.816521948516,52809.77275474733,39581.37148674349,324319.61630621867,231615.03644608738,170935.83789703157,53269.625196558256,12845.50447690523,8948.995931991474,104191.09785175756,165278.447771103,307632.14191734436,8754.454620427423,326856.4963762894,86561.41059523565,36838.68625449372,50895.10527248958,9618.392227053804,39151.302824358885,154120.27850006914,6074.771019190454,52448.40820658994,12564.061880645197,229395.76438921696,60792.36925948703,50250.94741920539,3844.9339076811043,49519.917574330975,53569.386121933334,60913.64742675595,255313.31128162442,68398.57825793391,60890.52970921077,53013.467555625684,8170.821125730761,36911.70317857476,25864.27791222884,68113.14361814696,39813.96809146687,25131.5066107863,115437.6081921909,297120.23920337006,55108.59249812995,60217.00702714045,57496.9623052522,7843.0670786251685,77992.9028002454,208153.95154605358,36195.51697803924,34171.377227944344,30700.112653663753,227342.5197082107,62989.32232239376,139189.35556873097,20298.444448499933,46798.01600196091,27796.391044685824,25747.191526822375,7469.9150558378415,32270.04209220281,4984.901826225672,3035.473986695538,17996.342712146663,11153.945882411906,48662.882370871695
39,58176.51793290024,76057.02665268531,58623.18169032829,329271.3052636244,63414.011175891326,46107.82135367801,23657.779352750535,65388.698818503064,34181.77415833449,6881.283781988893,14569.822812865275,7436.910096303515,137623.46577619063,126694.39740555767,55118.56677157537,40490.6259971121,64681.119921519945,341522.01151188294,74139.94591716638,261907.41563580142,20408.47452130913,51199.983007625866,51753.577299652374,40053.61195789433,326780.80163822236,228728.45645969576,169406.27633850428,53432.05573343198,12588.594387367122,8770.016013351644,103416.51739690121,163344.21770062574,309906.479935122,8579.365528018872,327415.0352708634,86371.4971627668,36101.91252940384,51077.15028038889,9426.024382512725,39553.134726261735,152478.9084904217,5953.275598806645,51399.44004245814,12312.78064303229,226569.01128922484,60822.2499295227,50671.82426594857,3768.0352295274815,48529.51922284435,53951.21316655466,59695.37447822082,257293.4938104123,68437.46775382131,60948.21150279641,53180.97139342603,8007.404703216145,36173.46911500326,25346.99235398426,68220.34781625618,39017.68872963753,24628.876478570568,114516.57924260468,298798.21128467616,55268.07867308943,60715.28877931083,57582.18620318657,7686.205737052664,78038.40641651081,205377.56899938895,35471.60663847845,33487.94968338545,30086.110400590474,224271.03421616595,63098.13074822114,137887.58663035222,19892.475559529932,45862.05568192169,27240.463223792103,25232.247696285925,7320.516754721083,31624.64125035875,4885.203789701159,2974.764506961627,17636.415857903725,10930.866964763667,49068.44439933813
40,57012.987574242245,76027.57467824766,59075.76102840275,331958.64941812475,62145.7309523735,45185.664926604455,23184.623765695524,65658.29233057545,33498.13867516781,6743.658106349115,14278.42635660797,7288.171894377446,136219.37833302494,124160.50945744652,55325.99235252029,39680.81347716987,64651.79983110737,342596.3260000205,74152.49495163994,264242.7519564803,20000.305030882948,51405.356907267356,50718.50575365933,40491.13026160445,329013.81171042344,225675.64739087527,167869.5229071593,53636.10823181137,12336.82249961978,8594.615693084612,102722.1135195419,161397.6636840624,311966.79120319587,8407.778217458495,322609.0713216127,86056.18660580074,35379.87427881576,50055.60727478111,9237.503894862471,38762.0720317365,150885.5585802497,5834.210086830512,50371.45124160898,12066.525030171646,223591.99923447127,60766.06944660882,51196.60897544234,3692.6745249369324,47558.92883838747,54296.33937494238,58501.46698865641,253943.45504091334,68265.08995278939,60979.229812754944,53303.29649638887,7847.256609151822,35449.999732703196,24840.052506904576,68253.52963181937,38237.334955044775,24136.29894899916,113490.73949415603,299979.13440220465,55443.88328578214,61169.55245858355,56430.542479122836,7532.481622311611,77974.29874048578,201270.0176194012,34762.174505708885,32818.19068971775,29484.388192578666,221155.7849561156,63069.068687446685,136492.44808478368,19494.626048339334,44944.814568283255,26695.653959316263,24727.60274236021,7174.106419626662,30992.148425351574,4787.499713907136,2915.2692168223944,17283.687540745654,10712.249625468394,49300.67855342345
41,55872.72782275739,75920.58535324445,59486.78792027809,334386.54820573,62041.48303943108,44281.95162807236,22720.931290381614,65811.81443210617,32828.17590166444,6608.784944222132,13992.85782947581,7142.408456489896,133494.99076636444,123316.13070474213,55466.11280067585,38887.197207626465,64536.67088381581,343372.03457572666,74073.77621040739,265872.52532254823,19600.29893026529,51582.035857720126,49704.13563858614,40895.126388383,331026.78905908123,222581.3025538537,166326.47710253266,53804.58717495989,12090.086049627384,8422.72337922292,100667.67124915106,159361.46435413454,313235.1420958746,8239.622653109325,317935.7665784126,85762.99485694393,34672.27679323944,49054.49512928549,9052.753816965222,37986.83059110177,149391.29575560524,5717.525885093902,49364.02221677679,11825.19452956821,220603.81036010032,59550.74805767664,51491.6654928302,3618.8210344381932,46607.750261619716,54606.08004972796,57331.43764888328,250641.35072972148,66899.7881537336,60984.628105714015,52237.23056646109,7690.311476968785,34740.99973804913,24343.251456766484,68079.08599547348,37472.58825594388,23653.572970019173,112401.78308354485,295777.22771231225,55546.950257200195,61581.35947517363,55301.93162954038,7381.831989865378,77807.3674051289,197244.61726701315,34066.9310155947,32161.82687592339,28894.70042872709,218153.20912365304,62989.897918364826,135053.33431116948,19104.733527372548,44045.91827691759,26161.740880129935,24233.050687513,7030.624291234129,30372.30545684454,4691.749719628992,2856.963832485946,16938.013789930737,10498.004632959026,48314.66498235498
42,54755.27326630225,75787.46457137007,59857.743432067065,336584.5475820638,61916.546750625406,43396.31259551092,22266.512664573984,65932.93233264342,32171.61238363116,6476.6092453376905,13713.000672886295,6999.560287360099,130825.09095103716,122455.86289836296,55578.49803396419,38109.45326347394,64400.286374483476,343979.67627800466,73968.54522084352,267331.4106531909,19208.292951659983,51731.08550739189,48710.05292581442,41266.76621798577,332827.6417891085,219520.46125135667,164778.0053209283,53944.87251708975,11848.284328634838,8254.26891163846,98654.31782416804,157342.15393193022,314327.97223636496,8074.830200047139,313320.3503964119,85447.10830339907,33978.83125737466,48073.40522669978,8871.698740625918,37227.093979279736,147896.4492205145,5603.175367392024,48376.741772441266,11588.690638976848,217645.71224101045,58359.73309652311,51754.44110593238,3546.4446137494297,45675.59525638732,54881.71256177215,56184.80889590562,247369.75320896096,65561.79239065894,60965.418775029626,51192.48595513187,7536.505247429411,34046.17974328815,23856.386427631158,67884.3186927287,36723.136490825,23180.501510618793,111310.98863356048,291623.4056362547,55623.71699644723,61952.22639011668,54195.89299694957,7234.195350068071,77615.9236036901,193299.7249216729,33385.592395282816,31518.590338404923,28316.806420152552,215182.27401050657,62888.66635257127,133617.18810926596,18722.6388568251,43164.99991137924,25638.50606252734,23748.389673762744,6890.011805409446,29764.859347707654,4597.914725236413,2799.824555836228,16599.253514132124,10288.044540299847,47348.37168270789
43,53660.1678009762,75629.30038662937,60190.06600821637,338560.872364062,61771.79132015619,42528.3863436007,21821.1824112825,66022.88079138634,31528.180135958537,6347.077060430936,13438.74065942857,6859.569081612896,128208.58913201641,121580.67935195703,55664.201412800714,37347.26419820446,64243.542577170905,344425.6634983612,73837.89396037802,268625.59156047885,18824.127092626783,51853.54035673368,47735.85186729814,41607.18240384908,334424.04969431105,216493.02107993796,163224.94181974704,54058.02461066443,11611.31864206214,8089.183533405692,96681.23146768469,155339.8713408724,315251.7951143973,7913.333596046196,308762.37655505986,85109.55201405322,33299.25463222717,47111.937122165786,8694.2647658134,36482.55209969414,146401.64002852511,5491.111860044183,47409.206936992436,11356.916826197312,214717.6965225401,57192.53843459264,51986.10902831334,3475.515721474441,44762.08335125958,55124.477341314676,55061.112717987504,244128.76304873897,64250.556542845756,60922.58396633032,50168.63623602923,7385.775142480822,33365.256148422384,23379.258699078535,67670.11044769552,35988.673761008504,22716.891480406415,110218.86524834204,287517.4255521545,55675.194286021484,62283.62608467194,53111.97513701058,7089.51144306671,77401.0146073468,189433.73042323944,32717.880547377157,30888.218531636823,27750.4702917495,212242.9150182365,62766.28809024211,132184.4664217141,18348.186079688596,42301.69991315166,25125.73594127679,23273.42188028749,6752.211569301257,29169.5621607535,4505.956430731685,2743.828064719503,16267.268443849482,10082.28364949385,46401.404249053725

