Year,All Majors,Accounting and Actuarial Science,Advertising and Public Relations,Aerospace Engineering,Agricultural Economics,Animal Sciences,Anthropology and Archeology,Architecture,Area, Ethnic, and Civilization Studies,Art and Music Education,Art History and Criticism,Associates Degree,Biochemistry and Molecular Biology,Biological, Biomedical, and Environmental Engineering,Biology,Botany, Ecology, and Zoology,Business Management and Administration,Chemical Engineering,Chemistry,Civil Engineering,Commercial Art and Graphic Design,Communication Technologies,Communications,Composition and Speech,Computer Engineering,Computer Science,Construction Services,Criminology and Criminal Justice,Drama and Theater Arts,Early Childhood Education,Earth and Other Physical Sciences,Economics,Electrical Engineering,Elementary Education,Energy and Extraction Engineering,Engineering Technologies,English Language and Literature,Environment and Natural Resources,Family and Consumer Sciences,Film, Video and Photographic Arts,Finance,Fine and Studio Arts,General Agriculture,General Education,General Engineering,Geography,Health and Medical Administration,High School Degree or GED,History,Hospitality Management,Human Resources and Personnel Management,Industrial and Manufacturing Engineering,International Business and Business Economics,International Relations,Journalism,Language and Drama Education,Liberal Arts,Linguistics and Foreign Languages,Marketing and Marketing Research,Mass Media,Math and Science Teacher Education,Mathematics and Statistics,Mechanical Engineering,Medical Technologies and Assistance,Microbiology, Physiology, Genetics, and Neuroscience,Multidisciplinary Science,Music,Nursing,Operations and Logistics,Philosophy and Religious Studies,Physical and Health Education Teaching,Physical Fitness, Nutrition, and Sports Studies,Physics,Political Science and Government,Production and Transportation Technologies,Psychology,Public Administration and Policy,Secondary Teacher Education,Social Science or History Teacher Education,Social Work,Sociology,Some College, No Degree,Some High School,Special Needs Education,Theology and Religious Vocations,Treatment Therapy Professions
0,23547.139,33536.3262,21816.6463,32192.4955,23998.3099,26827.0813,16352.177,22846.6257,12876.9982,15130.4734,21271.2304,16352.177,23547.139,28401.0861,20960.2116,15807.1113,27900.1662,43605.8122,29452.4689,32192.4955,23343.8067,22907.4781,21802.9061,12876.9982,42923.3342,34884.6477,34338.6653,20960.2116,13744.4848,19283.3922,23438.1238,34660.5918,49791.0652,18864.1925,45786.1059,26827.0813,19388.1947,15262.0353,20725.8145,16362.477,34884.6477,13089.9816,23607.8369,21802.9061,42923.3342,29452.4689,17442.329,8285.10473,16954.7167,29344.2983,29433.9289,52326.9767,31440.3174,22893.0478,22637.031,17606.5728,15091.354,17442.329,31440.3174,17878.3795,32488.3218,27253.6352,44695.9539,23178.605,20960.2116,25089.1417,14280.9088,41920.4129,41920.4129,15667.021,12726.5667,14180.8134,31440.3174,21461.6671,22008.216,19634.9827,21802.9061,20943.9788,16352.177,16096.2529,20960.2116,10741.5198,6540.87183,33536.3262,16096.2529,14835.3166
1,25383.815842,36152.1596436,23518.344711400005,34703.510149,25870.1780722,28919.593641400003,17627.646806,24628.6625046,13881.404059600001,16310.650325200004,22930.386371200002,17627.646806,25383.815842,30616.370815800004,22595.108104799998,17040.0659814,30076.379163600002,47007.065551600004,31749.7614742,34703.510149,25164.623622600004,24694.2613918,23503.532775800002,13881.404059600001,46271.3542676,37605.65022060001,37017.08119340001,22595.108104799998,14816.5546144,20787.4967916,25266.297456400003,37364.117960400006,53674.768285599996,20335.599515,49357.4221602,28919.593641400003,20900.4738866,16452.4740534,22342.428031000003,17638.750206,37605.65022060001,14111.0001648,25449.2481782,23503.532775800002,46271.3542676,31749.7614742,18802.830662000004,8931.34289894,18277.184602600002,31633.1535674,31729.775354200003,56408.4808826,33892.66215720001,24678.7055284,24402.719418,18979.885478400003,16268.479612000001,18802.830662000004,33892.66215720001,19272.893101,35022.410900400006,29379.418745600004,48182.2383042,24986.536190000003,22595.108104799998,27046.0947526,15394.8196864,45190.2051062,45190.2051062,16889.048638000004,13719.2389026,15286.9168452,33892.66215720001,23135.6771338,23724.856848000003,21166.5113506,23503.532775800002,22577.609146400002,17627.646806,17351.7606262,22595.108104799998,11579.3583444,7051.05983274,36152.1596436,17351.7606262,15992.4712948
2,27363.753477676,38972.02809580081,25352.775598889202,37410.38394062201,27888.051961831603,31175.321945429205,19002.603256868,26549.698179958803,14964.153576248802,17582.881050565604,24718.956508153602,19002.603256868,27363.753477676,33004.447739432406,24357.526536974397,18369.1911279492,32422.336738360802,50673.6166646248,34226.2428691876,37410.38394062201,27127.464265162802,26620.413780360403,25336.8083323124,14964.153576248802,49880.5199004728,40538.890937806806,39904.4135264852,24357.526536974397,15972.245874323202,22408.9215413448,27237.068657999203,40278.519161311204,57861.400211876804,21921.776277170004,53207.30108869561,31175.321945429205,22530.710849754803,17735.767029565202,24085.137417418002,19014.572722068002,40538.890937806806,15211.6581776544,27434.2895360996,25336.8083323124,49880.5199004728,34226.2428691876,20269.451453636004,9627.98764505732,19702.805001602806,34100.5395456572,34204.6978318276,60808.3423914428,36536.28980546161,26603.644559615204,26306.131532604,20460.316545715203,17537.421021736,20269.451453636004,36536.28980546161,20776.178762878,37754.1589506312,31671.013407756804,51940.452891927605,26935.48601282,24357.526536974397,29155.690143302803,16595.6156219392,48715.04110448361,48715.04110448361,18206.394431764005,14789.339537002801,16479.296359125598,36536.28980546161,24940.2599502364,25575.395682144,22817.4992359468,25336.8083323124,24338.6626598192,19002.603256868,18705.197955043597,24357.526536974397,12482.548295263201,7601.042499693721,38972.02809580081,18705.197955043597,17239.884055794402
3,29498.126248934732,42011.84628727327,27330.292095602563,40328.393887990525,30063.32001485447,33606.99705717268,20484.806310903703,28620.574637995593,16131.35755519621,18954.345772509725,26647.035115789586,20484.806310903703,29498.126248934732,35578.794663108136,26257.413606858405,19801.988035929237,34951.27900395294,54626.158764465545,36895.889812984235,40328.393887990525,29243.406477845503,28696.806055228513,27313.079382232772,16131.35755519621,53771.20045270968,43700.92443095575,43016.95778155106,26257.413606858405,17218.081052520414,24156.8174215697,29361.560013323142,43420.243655893486,62374.589428403204,23631.674826789265,57357.47057361387,33606.99705717268,24288.10629603568,19119.156857871287,25963.77813597661,20497.70939438931,43700.92443095575,16398.167515511446,29574.16411991537,27313.079382232772,53771.20045270968,36895.889812984235,21850.468667019613,10378.970681371791,21239.623791727823,36760.381630218464,36872.66426271016,65551.39309797535,39386.12041028762,28678.728835265192,28358.009792147113,22056.22123628099,18905.33986143141,21850.468667019613,39386.12041028762,22396.720706382483,40698.983348780435,34141.35245356184,55991.80821749796,29036.45392181996,26257.413606858405,31429.833974480425,17890.07364045046,52514.81431063333,52514.81431063333,19626.4931974416,15942.90802088902,17764.681475137397,39386.12041028762,26885.60022635484,27570.276545351237,24597.26417635065,27313.079382232772,26237.0783472851,20484.806310903703,20164.203395537003,26257.413606858405,13456.187062293731,8193.923814669832,42011.84628727327,20164.203395537003,18584.59501214637
4,31798.980096351643,45288.770297680596,29462.054879059568,43474.00861125379,32408.258976013123,36228.34282763216,22082.621203154195,30852.97945975925,17389.603444501518,20432.784742765485,28725.503854821178,22082.621203154195,31798.980096351643,38353.94064683058,28305.491868193363,21346.54310273172,37677.47876626128,58886.99914809387,39773.76921839701,43474.00861125379,31524.39218311746,30935.156927536344,29443.499574046935,17389.603444501518,57965.35408802104,47109.5965365703,46372.28048851205,28305.491868193363,18561.091374617008,26041.049180452137,31651.761694362354,46807.02266105319,67239.80740381866,25474.945463278833,61831.35327835576,36228.34282763216,26182.578587126467,20610.45109278525,27988.952830582784,22096.53072715168,47109.5965365703,17677.224581721344,31880.948921268777,29443.499574046935,57965.35408802104,39773.76921839701,23554.805223047148,11188.530394518793,22896.314447482597,39627.691397375514,39748.73207520156,70664.40175961744,42458.23780229006,30915.66968441588,30569.934555934593,23776.60649271091,20379.956370623066,23554.805223047148,42458.23780229006,24143.66492148032,43873.50404998532,36804.37794493967,60359.1692584628,31301.297327721924,28305.491868193363,33881.36102448991,19285.4993844056,56610.96982686274,56610.96982686274,21157.359666842047,17186.454846518365,19150.326630198117,42458.23780229006,28982.67704401052,29720.758115888635,26515.85078210601,29443.499574046935,28283.570458373346,22082.621203154195,21737.011260388892,28305.491868193363,14505.769653152645,8833.04987221408,45288.770297680596,21737.011260388892,20034.19342309379
5,34279.300543867066,48821.29438089968,31760.095159626213,46864.981282931585,34936.10317614215,39054.15356818747,23805.06565700022,33259.51185762047,18745.992513172638,22026.541952701195,30966.093155497227,23805.06565700022,34279.300543867066,41345.54801728336,30513.320233912447,23011.573464744797,40616.322110029665,63480.185081645184,42876.123217431974,46864.981282931585,33983.29477340062,33348.09916788418,31740.092540822592,18745.992513172638,62486.65170688669,50784.14506642278,49989.31836661598,30513.320233912447,20008.856501837134,28072.251016527407,34120.59910652262,50457.970428615336,72484.51238131653,27461.991209414584,66654.19883406752,39054.15356818747,28224.81971692233,22218.0662780225,30172.091151368244,23820.06012386951,50784.14506642278,19056.048099095606,34367.662937127745,31740.092540822592,62486.65170688669,42876.123217431974,25392.080030444824,12061.235765291258,24682.226974386238,42718.6513263708,42849.133177067284,76176.2250968676,45769.98035086868,33327.09191980032,32954.389451297495,25631.18179914236,21969.592967531662,25392.080030444824,45769.98035086868,26026.870785355786,47295.63736588418,39675.11942464496,65067.1844606229,33742.79851928424,30513.320233912447,36524.10718440012,20789.76833638924,61026.62547335803,61026.62547335803,22807.63372085573,18526.9983245468,20644.052107353567,45769.98035086868,31243.325853443344,32038.977248927953,28584.087143110275,31740.092540822592,30489.68895412646,23805.06565700022,23432.498138699226,30513.320233912447,15637.219686098551,9522.027762246778,48821.29438089968,23432.498138699226,21596.860510095106
6,36953.0859862887,52629.35534260986,34237.38258207706,50520.44982300025,37661.119223881244,42100.37754650609,25661.860778246242,35853.75378251487,20208.179929200105,23744.612225011886,33381.44842162601,25661.860778246242,36953.0859862887,44570.50076263147,32893.35921215762,24806.476194994895,43784.395234611984,68431.63951801352,46220.460828391675,50520.44982300025,36633.99176572588,35949.25090297915,34215.81975900676,20208.179929200105,67360.61054002386,54745.30838160376,53888.48519921204,32893.35921215762,21569.547308980433,30261.886595816544,36782.005836831384,54393.69212204734,78138.30434705922,29604.026523748922,71853.22634312478,42100.37754650609,30426.355654842275,23951.07544770826,32525.514261174965,25678.024813531334,54745.30838160376,20542.419850825067,37048.34064622371,34215.81975900676,67360.61054002386,46220.460828391675,27372.66227281952,13002.012154983977,26607.440678388368,46050.706129827726,46191.365564878535,82117.97065442328,49340.03881823645,35926.60508954475,35524.831828498696,27630.413979475466,23683.221218999137,27372.66227281952,49340.03881823645,28056.96670661354,50984.697080423146,42769.778739767266,70142.4248485515,36374.73680378841,32893.35921215762,39372.98754478333,22411.3702666276,65786.70226027996,65786.70226027996,24586.629151082478,19972.104193861447,22254.288171727152,49340.03881823645,33680.30527001193,34538.017474344335,30813.645940272876,34215.81975900676,32867.88469254832,25661.860778246242,25260.232993517766,32893.35921215762,16856.92282161424,10264.745927702028,52629.35534260986,25260.232993517766,23281.415629882526
7,39835.426693219226,56734.445059333426,36907.89842347907,54461.04490919427,40598.68652334398,45384.206995133565,27663.48591894945,38650.346577551034,21784.417963677715,25596.69197856282,35985.20139851284,27663.48591894945,39835.426693219226,48046.999822116726,35459.041230705916,26741.3813382045,47199.57806291172,73769.30740041858,49825.65677300623,54461.04490919427,39491.4431234525,38753.29247341152,36884.65370020929,21784.417963677715,72614.73816214572,59015.44243536887,58091.787044750585,35459.041230705916,23251.97199908091,32622.313750290235,39651.00229210423,58636.40010756703,84233.09208612985,31913.14059260134,77457.77799788854,45384.206995133565,32799.61139591998,25819.259332629506,35062.50437354662,27680.91074898678,59015.44243536887,22144.72859918942,39938.111216629164,36884.65370020929,72614.73816214572,49825.65677300623,29507.729930099445,14016.16910307273,28682.821051302664,49642.66120795429,49794.29207893906,88523.1723654683,53188.561846058896,38728.88028652924,38295.7687111216,29785.586269874555,25530.51247408107,29507.729930099445,53188.561846058896,30245.410109729397,54961.50345269616,46105.82148146912,75613.53398673852,39211.96627448391,35459.041230705916,42444.08057327644,24159.457147424553,70918.0650365818,70918.0650365818,26504.386224866914,21529.928320982646,23990.122649121873,53188.561846058896,36307.36908107286,37231.9828373432,33217.110323614164,36884.65370020929,35431.579698567104,27663.48591894945,27230.531167012155,35459.041230705916,18171.762801700155,11065.396110062788,56734.445059333426,27230.531167012155,25097.366049013366
8,42942.58997529033,61159.73177396144,39786.71450051044,58709.006412111434,43765.384072164816,48924.175140753985,29821.23782062751,41665.07361060001,23483.60256484458,27593.23395289072,38792.047107596845,29821.23782062751,42942.58997529033,51794.665808241836,38224.846446700976,28827.20908258445,50881.14515181884,79523.31337765123,53712.05800130071,58709.006412111434,42571.7756870818,41776.04928633762,39761.65668882561,23483.60256484458,78278.6877387931,63618.646945327644,62622.94643424113,38224.846446700976,25065.62581500922,35166.85422281287,42743.78047088836,63210.03931595726,90803.27326884799,34402.36555882425,83499.48468172384,48924.175140753985,35357.98108480174,27833.16156057461,37797.37971468325,29840.021787407746,63618.646945327644,23872.017429926196,43053.28389152624,39761.65668882561,78278.6877387931,53712.05800130071,31809.332864647204,15109.430293112402,30920.08109330427,53514.78878217473,53678.24686109631,95427.97980997484,57337.269670051486,41749.73294887852,41282.83867058909,32108.86199892477,27521.892447059396,31809.332864647204,57337.269670051486,32604.55209828829,59248.50072200646,49702.07555702371,81511.38963770412,42270.49964389366,38224.846446700976,45754.718857992004,26043.89480492367,76449.67410943517,76449.67410943517,28571.72835040653,23209.262730019294,25861.35221575338,57337.269670051486,39139.34386939655,40136.07749865597,35808.04492885607,39761.65668882561,38195.242915055336,29821.23782062751,29354.512598039106,38224.846446700976,19589.16030023277,11928.497006647685,61159.73177396144,29354.512598039106,27054.96060083641
9,46292.111993362974,65930.19085233043,42890.07823155026,63288.308912256136,47179.084029793674,52740.2608017328,32147.294370636457,44914.94935222682,25315.323564902457,29745.5062012162,41817.8267819894,32147.294370636457,46292.111993362974,55834.64974128471,41206.38446954366,31075.73139102604,54849.87447366071,85726.13182110802,57901.59852540218,63288.308912256136,45892.37419067418,45034.58113067196,42863.06591055401,25315.323564902457,84384.42538241897,68580.9014070632,67507.53625611195,41206.38446954366,27020.74462857994,37909.86885219228,46077.79534761766,68140.42238260193,97885.92858381814,37085.75007241254,90012.44448689831,52740.2608017328,38115.90360941627,30004.148162299432,40745.57533242855,32167.54348682555,68580.9014070632,25734.034789460442,46411.44003506529,42863.06591055401,84384.42538241897,57901.59852540218,34290.460828089694,16287.96585597517,33331.84741858201,57688.94230718436,57865.15011626183,102871.36223515289,61809.57670431551,45006.21211889104,44502.90008689504,34613.353234840906,29668.60005793003,34290.460828089694,61809.57670431551,35147.70716195478,63869.88377832297,53578.83745047156,87869.27802944505,45567.59861611737,41206.38446954366,49323.586928915385,28075.318599707723,82412.74868997114,82412.74868997114,30800.32316173824,25019.5852229608,27878.537688582146,61809.57670431551,42192.21269120948,43266.69154355114,38601.07243330685,42863.06591055401,41174.47186242966,32147.294370636457,31644.16458068616,41206.38446954366,21117.114803650926,12858.919773166206,65930.19085233043,31644.16458068616,29165.24752770165
10,49902.89672884529,71072.74573881221,46235.504333611185,68224.79700741213,50859.052584117584,56854.00114426797,34654.7833315461,48418.315401700514,27289.91880296485,32065.655684911068,45079.617270984585,34654.7833315461,49902.89672884529,60189.75242110492,44420.482458168066,33499.638439526076,59128.16468260626,92412.77010315446,62417.92321038355,68224.79700741213,49471.97937754677,48547.27845886438,46206.38505157723,27289.91880296485,90966.41056224765,73930.21171681414,72773.12408408869,44420.482458168066,29128.36270960918,40866.83862266328,49671.86338473185,73455.37532844489,105521.03101335597,39978.438578060726,97033.41515687639,56854.00114426797,41088.94409095075,32344.471718958794,43923.73020835798,34676.61187879795,73930.21171681414,27741.28950303836,50031.53235780039,46206.38505157723,90966.41056224765,62417.92321038355,36965.11677268069,17558.427192741234,35931.731517231405,62188.67980714475,62378.63182533025,110895.32848949482,66630.72368725212,48516.69666416455,47974.12629367286,37313.1947871585,31982.750862448578,36965.11677268069,66630.72368725212,37889.22832058726,68851.73471303217,57757.98677160835,94723.08171574176,49121.87130817453,44420.482458168066,53170.82670937079,30265.193450484927,88840.94308778888,88840.94308778888,33202.74836835382,26971.112870351746,30053.06362829156,66630.72368725212,45483.205281123825,46641.493483948136,41611.956083104786,46206.38505157723,44386.08066769918,34654.7833315461,34112.40941797969,44420.482458168066,22764.249758335704,13861.915515473172,71072.74573881221,34112.40941797969,31440.13683486238
11,53795.32267369521,76616.41990643957,49841.87367163286,73546.33117399026,54826.05868567876,61288.61323352087,37357.856431406704,52194.944003033146,29418.532469596106,34566.77682833413,48595.82741812138,37357.856431406704,53795.32267369521,64884.5531099511,47885.28008990517,36112.6102378091,63740.16152784954,99620.9661712005,67286.52122079347,73546.33117399026,53330.79376899542,52333.96617865579,49810.48308560025,29418.532469596106,98061.79058610296,79696.76823072563,78449.4277626476,47885.28008990517,31400.375000958695,44054.452035231014,53546.26872874093,79184.8946040636,113751.67143239772,43096.756787149454,104602.02153911276,61288.61323352087,44293.8817300449,34867.340513037576,47349.7811646099,37381.387605344185,79696.76823072563,29905.11008427535,53933.99188170881,49810.48308560025,98061.79058610296,67286.52122079347,39848.39588094978,18927.98451377505,38734.40657557545,67039.39683210204,67244.16510770601,119545.1641116754,71827.92013485778,52300.99900396938,51716.10814457934,40223.62398055686,34477.40542971956,39848.39588094978,71827.92013485778,40844.58812959306,74222.17002064867,62263.10973979379,102111.48208956962,52953.37727021214,47885.28008990517,57318.15119270171,32625.878539622747,95770.53664863642,95770.53664863642,35792.56274108542,29074.859674239182,32397.2025912983,71827.92013485778,49030.89529305148,50279.52997569609,44857.68865758696,49810.48308560025,47848.19495977971,37357.856431406704,36773.177352582105,47885.28008990517,24539.861239485886,14943.144925680077,76616.41990643957,36773.177352582105,33892.467507981644
12,57991.357842243444,82592.50065914186,53729.539818020225,79282.9450055615,59102.491263161704,66069.1250657355,40271.769233056424,56266.14963526974,31713.178002224606,37262.98542094419,52386.30195673485,40271.769233056424,57991.357842243444,69945.54825252728,51620.33193691778,38929.39383635822,68711.8941270218,107391.40153255415,72534.86987601536,79282.9450055615,57490.595682977066,56416.015540590946,53695.70076627708,31713.178002224606,105710.610251819,85913.11615272223,84568.48312813412,51620.33193691778,33849.604251033474,47490.69929397904,57722.877689582725,85361.31638318056,122624.30180412476,46458.303816547115,112760.97921916355,66069.1250657355,47748.80450498841,37586.99307305451,51043.064095449474,40297.13583856104,85913.11615272223,32237.70867084883,58140.84324848211,53695.70076627708,105710.610251819,72534.86987601536,42956.57075966387,20404.367305849504,41755.69028847034,72268.46978500599,72489.20998610709,128869.68691238611,77430.49790537669,56380.47692627899,55749.96457985653,43361.0666510403,37166.64305323769,42956.57075966387,77430.49790537669,44030.466003701324,80011.49928225928,67119.63229949771,110076.17769255606,57083.7406972887,51620.33193691778,61788.966985732455,35170.69706571332,103240.63850723006,103240.63850723006,38584.382634890084,31342.69872882984,34924.18439341957,77430.49790537669,52855.3051259095,54201.33331380038,48356.588372878745,53695.70076627708,51580.35416664254,40271.769233056424,39641.48518608351,51620.33193691778,26453.970416165786,16108.710229883125,82592.50065914186,39641.48518608351,36536.07997360422
13,62514.683753938436,89034.71571055493,57920.443923825806,85467.0147159953,63712.48558168832,71222.51682086287,43412.96723323483,60654.90930682079,34186.80588639813,40169.49828377784,56472.43350936018,43412.96723323483,62514.683753938436,75401.30101622442,55646.71782799737,41965.88655559416,74071.42186892951,115767.9308520934,78192.58972634457,85467.0147159953,61974.862146249274,60816.46475275704,57883.9654260467,34186.80588639813,113956.03785146087,92614.33921263457,91164.82481212859,55646.71782799737,36489.87338261408,51194.973838909405,62225.26214937017,92019.49906106864,132188.9973448465,50082.05151423779,121556.3355982583,71222.51682086287,51473.21125637751,40518.77853275276,55024.42309489453,43440.3124339688,92614.33921263457,34752.24994717504,62675.82902186372,57883.9654260467,113956.03785146087,78192.58972634457,46307.183278917655,21995.907955705767,45012.634130971026,77905.41042823647,78143.36836502345,138921.52249155223,83470.07674199606,60778.15412652875,60098.46181708534,46743.229849821444,40065.64121139023,46307.183278917655,83470.07674199606,47464.842351990024,86252.39622627551,72354.96361885854,118662.11955257543,61536.272471677206,55646.71782799737,66608.5064106196,37914.01143683896,111293.40831079401,111293.40831079401,41593.964480411516,33787.42922967857,37648.2707761063,83470.07674199606,56978.01892573044,58429.037312276814,52128.40226596328,57883.9654260467,55603.62179164065,43412.96723323483,42733.52103059802,55646.71782799737,28517.380108626716,17365.18962781401,89034.71571055493,42733.52103059802,39385.89421154535
14,67390.82908674565,95979.42353597823,62438.23854988423,92133.44186384296,68682.05945706002,76777.8731328902,46799.17867742715,65385.99223275282,36853.37674553719,43302.71914991251,60877.28332309028,46799.17867742715,67390.82908674565,81282.60249548993,59987.16181858117,45239.22570693051,79848.99277470603,124797.8294585567,84291.61172499946,92133.44186384296,66808.90139365674,65560.1490034721,62398.91472927835,36853.37674553719,122844.60880387486,99838.2576712201,98275.68114747464,59987.16181858117,39336.083506457995,55188.181798344354,67078.83259702107,99197.01998783201,142499.73913774456,53988.45153234835,131037.72977492247,76777.8731328902,55488.12173437497,43679.243258307484,59316.32809629632,46828.656803818376,99838.2576712201,37462.9254430547,67564.5436855691,62398.91472927835,122844.60880387486,84291.61172499946,49919.143574673246,23711.58877625082,48523.61959318678,83982.03244163893,84238.55109749528,149757.40124589336,89980.74272787178,65518.850148398014,64786.14183881802,50389.20177810753,43190.761225878676,49919.143574673246,89980.74272787178,51167.100055445255,92980.08313192501,77998.65078112952,127917.76487767634,66336.10172446804,59987.16181858117,71803.96991064794,40871.30432891241,119974.29415903597,119974.29415903597,44838.29370988362,36422.848709593505,40584.8358966426,89980.74272787178,61422.30440193743,62986.50222263441,56194.41764270843,62398.91472927835,59940.70429138863,46799.17867742715,46066.73567098468,59987.16181858117,30741.735757099606,18719.674418783507,95979.42353597823,46066.73567098468,42457.99396004589
15,72647.31375551182,103465.81857178453,67308.4211567752,99319.85032922271,74039.26009471071,82766.54723725564,50449.51461426647,70486.09962690754,39727.94013168909,46680.331243605695,65625.71142229134,50449.51461426647,72647.31375551182,87622.64549013815,64666.1604404305,48767.88531207109,86077.2142111331,134532.06015632412,90866.35743954942,99319.85032922271,72019.99570236195,70673.84062574293,67266.03007816206,39727.94013168909,132426.4882905771,107625.64176957526,105941.18427697767,64666.1604404305,42404.298019961716,59492.85997861522,72310.98153958871,106934.3875468829,153614.71879048867,58199.550751871524,141258.67269736642,82766.54723725564,59816.19522965622,47086.22423245547,63943.00168780743,50481.292034516206,107625.64176957526,40385.03362761297,72834.57809304348,67266.03007816206,132426.4882905771,90866.35743954942,53812.836773497766,25561.09270079839,52308.46192145535,90532.63097208677,90809.15808309992,161438.47854307303,96999.2406606458,70629.32045997307,69839.46090224583,54319.55951679992,46559.640601497216,53812.836773497766,96999.2406606458,55158.13385976999,100232.52961621516,84082.54554205763,137895.3505381351,71510.31765897655,64666.1604404305,77404.67956367848,44059.26606656758,129332.28910344078,129332.28910344078,48335.68061925454,39263.8309089418,43750.45309658072,96999.2406606458,66213.24414528855,67899.4493959999,60577.58221883969,67266.03007816206,64616.07922611695,50449.51461426647,49659.94105332148,64666.1604404305,33139.591146153376,20179.809023448623,103465.81857178453,49659.94105332148,45769.71748892947
16,78313.80422844175,111536.15242038375,72558.47800700368,107066.7986549021,79814.32238209815,89222.33792176159,54384.57675417926,75984.01539780633,42826.71946196084,50321.39708060694,70744.51691323007,54384.57675417926,78313.80422844175,94457.21183836894,69710.1209547841,52571.78036641264,92791.2369196015,145025.56084851743,97953.9333198343,107066.7986549021,77637.5553671462,76186.40019455088,72512.78042425872,42826.71946196084,142755.75437724215,116020.44182760215,114204.59665058194,69710.1209547841,45711.83326551874,64133.30305694721,77951.23809967664,115275.26977553978,165596.6668561468,62739.11571051751,152276.849167761,89222.33792176159,64481.85845756942,50758.949722587,68930.55581945642,54418.83281320848,116020.44182760215,43535.066250566786,78515.6751843009,72512.78042425872,142755.75437724215,97953.9333198343,58010.2380418306,27554.857931460665,56388.521951328876,97594.17618790954,97892.27241358171,174030.67986943276,104565.18143217618,76138.40745585097,75286.93885262101,58556.485159110314,50191.29256841401,58010.2380418306,104565.18143217618,59460.46830083205,108050.66692627996,90640.98409433813,148651.18788010965,77088.12243637674,69710.1209547841,83442.24456964541,47495.88881975985,139420.2076535092,139420.2076535092,52105.863707556404,42326.40971983926,47162.98843811403,104565.18143217618,71377.87718862107,73195.6064488879,65302.63363190919,72512.78042425872,69656.13340575408,54384.57675417926,53533.41645548056,69710.1209547841,35724.47925555334,21753.834127277616,111536.15242038375,53533.41645548056,49339.755453065976
17,84422.2809582602,120235.97230917368,78218.03929154995,115418.00894998446,86039.8395279018,96181.68027965898,58626.57374100524,81910.76859883522,46167.20357999379,54246.466052894284,76262.589232462,58626.57374100524,84422.2809582602,101824.87436176171,75147.51038925725,56672.37923499282,100028.95339933042,156337.55459470177,105594.34011878136,115418.00894998446,83693.2846857836,82128.93940972585,78168.77729735088,46167.20357999379,153890.703218667,125070.03629015511,123112.55518932731,75147.51038925725,49277.35626022919,69135.70069538908,84031.43467145142,124266.74081803187,178513.20687092622,67632.76673593787,164154.44340284637,96181.68027965898,69511.44341725983,54718.14780094879,74307.13917337402,58663.50177263873,125070.03629015511,46930.80141811099,84639.89784867635,78168.77729735088,153890.703218667,105594.34011878136,62535.036609093375,29704.13685011459,60786.826663532534,105206.52193056648,105527.86966184109,187605.07289924848,112721.2655838859,82077.20323740735,81159.32008312544,63123.89100152092,54106.21338875029,62535.036609093375,112721.2655838859,64098.38482829695,116478.61894652976,97710.98085369651,160245.9805347582,83100.99598641411,75147.51038925725,89950.73964607774,51200.56814770112,150294.98385048288,150294.98385048288,56170.1210767458,45627.869677986724,50841.70153628691,112721.2655838859,76945.3516093335,78904.86375190115,70396.23905519811,78168.77729735088,75089.31181140289,58626.57374100524,57709.02293900804,75147.51038925725,38510.988637486495,23450.63318920527,120235.97230917368,57709.02293900804,53188.25637840513
18,91007.2188730045,129614.37814928923,84319.04635629086,124420.61364808324,92750.94701107814,103683.85134147239,63199.446492803654,88299.80854954437,49768.245459233294,58477.69040502003,82211.07119259404,63199.446492803654,91007.2188730045,109767.21456197913,81009.0161996193,61092.82481532226,107831.2117644782,168531.8838530885,113830.69864804631,124420.61364808324,90221.36089127471,88534.99668368445,84265.94192654426,49768.245459233294,165894.17806972304,134825.49912078722,132715.33449409483,81009.0161996193,53120.99004852707,74528.28534962944,90585.88657582464,133959.54660183837,192437.23700685846,72908.12254134103,176958.48998826838,103683.85134147239,74933.3360038061,58986.163329422794,80103.0960288972,63239.25491090456,134825.49912078722,50591.40392872365,91241.8098808731,84265.94192654426,165894.17806972304,113830.69864804631,67412.76946460266,32021.05952442353,65528.19914328807,113412.63064115067,113759.0434954647,202238.26858538983,121513.524299429,88479.22508992511,87489.74704960923,68047.55449963955,58326.49803307282,67412.76946460266,121513.524299429,69098.05884490411,125563.95122435909,105332.43736028484,172745.16701646932,89582.87367335442,81009.0161996193,96966.89733847181,55194.212463221804,162017.99259082056,162017.99259082056,60551.390520731984,49186.84351286969,54807.354256117294,121513.524299429,82947.08903486152,85059.44312454945,75887.14570150357,84265.94192654426,80946.27813269233,63199.446492803654,62210.326728250664,81009.0161996193,41514.84575121044,25279.78257796328,129614.37814928923,62210.326728250664,57336.94037592073
19,98105.78194509886,139724.2996449338,90895.93197208155,134125.42151263374,99985.52087794224,111771.19174610723,68129.00331924234,95187.19361640883,53650.1686050535,63038.9502566116,88623.53474561637,68129.00331924234,98105.78194509886,118329.0572978135,87327.71946318963,65858.0651509174,116242.0462821075,181677.37079362944,122709.49314259394,134125.42151263374,97258.62704079415,95440.72642501186,90838.68539681472,53650.1686050535,178833.92395916145,145341.8880522086,143067.13058463423,87327.71946318963,57264.42727231218,80341.49160690054,97651.58572873897,144408.39123678178,207447.34149339344,78594.95609956564,190761.25220735333,111771.19174610723,80778.13621210297,63587.08406911778,86351.13751915118,68171.91679395511,145341.8880522086,54537.5334351641,98358.67105158122,90838.68539681472,178833.92395916145,122709.49314259394,72670.96548284167,34518.70216732857,70639.39867646455,122258.81583116043,122632.24888811096,218012.85353505026,130991.57919478448,95380.60464693929,94313.94731947874,73355.26375061144,62875.9648796525,72670.96548284167,130991.57919478448,74487.70743480664,135357.93941985912,113548.36747438705,186219.29004375395,96570.33781987606,87327.71946318963,104530.31533087263,59499.36103535311,174655.39601290456,174655.39601290456,65274.39898134908,53023.41730687353,59082.32788809445,130991.57919478448,89416.96197958072,91694.0796882643,81806.34306622086,90838.68539681472,87260.08782704233,68129.00331924234,67062.73221305422,87327.71946318963,44753.00371980486,27251.605619044418,139724.2996449338,67062.73221305422,61809.22172524254
20,105758.03293681657,150622.79501723865,97985.81466590393,144587.20439061918,107784.39150642174,120489.34470230361,73443.06557814324,102611.79471848875,57834.88175624768,67955.98837662731,95536.17045577445,73443.06557814324,105758.03293681657,127558.72376704297,94139.28158131841,70994.99423268897,125308.92589211189,195848.20571553256,132280.83360771628,144587.20439061918,104844.7999499761,102885.1030861628,97924.10285776628,57834.88175624768,192782.97002797606,156678.55532028092,154226.36677023573,94139.28158131841,61731.052599552546,86608.12795223879,105268.40941558061,155672.24575325075,223628.23412987817,84725.36267533177,205640.62987952694,120489.34470230361,87078.830836647,68546.87662650897,93086.52624564497,73489.32630388362,156678.55532028092,58791.46104310691,106030.64739360457,97924.10285776628,192782.97002797606,132280.83360771628,78339.30079050333,37211.160936380205,76149.27177322879,131795.00346599097,132197.56430138362,235017.85611078417,141208.92237197768,102820.29180940057,101670.43521039811,79076.97432315914,67780.2901402654,78339.30079050333,141208.92237197768,80297.74861472157,145915.85869460815,122405.14013738924,200744.3946671668,104102.8241698264,94139.28158131841,112683.67992668069,64140.311196110655,188278.51690191115,188278.51690191115,70365.80210189433,57159.24385680967,63690.74946336582,141208.92237197768,96391.48501398803,98846.21790394893,88187.23782538608,97924.10285776628,94066.37467755163,73443.06557814324,72293.62532567246,94139.28158131841,48243.738009949644,29377.230857329883,150622.79501723865,72293.62532567246,66630.34101981146
21,114007.15950588828,162371.3730285833,105628.70820984447,155865.0063330875,116191.57404392266,129887.51358908333,79171.62469323844,110615.51470653088,62346.00253323501,73256.55547000426,102987.99175132488,79171.62469323844,114007.15950588828,137508.30422087235,101482.14554466125,76532.60378283872,135083.02211169663,211124.36576134415,142598.73862911816,155865.0063330875,113022.69434607425,110910.1411268835,105562.18288067207,62346.00253323501,207820.04169015822,168899.48263526286,166256.02337831416,101482.14554466125,66546.07470231767,93363.56193251343,113479.34534999591,167814.68092200437,241071.2363920087,91333.94096400766,221680.5990101301,129887.51358908333,93870.97964190549,73893.53300337668,100347.27529280531,79221.49375558656,168899.48263526286,63377.195004469264,114301.03789030574,105562.18288067207,207820.04169015822,142598.73862911816,84449.76625216259,40113.631489417865,82088.91497154065,142075.0137363383,142508.97431689157,253349.24888742538,152223.21831699196,110840.27457053383,109600.72915680918,85244.97832036557,73067.15277120612,84449.76625216259,152223.21831699196,86560.97300666987,157297.2956727876,131952.74106810562,216402.45745120585,112222.84445507287,101482.14554466125,121473.00696096181,69143.2554694073,202964.24122026024,202964.24122026024,75854.33466584209,61617.66487764083,68658.62792150836,152223.21831699196,103910.02084507911,106556.22290045695,95065.84237576622,105562.18288067207,101403.55190240068,79171.62469323844,77932.52810107492,101482.14554466125,52006.74957472573,31668.65486420162,162371.3730285833,77932.52810107492,71827.50761935677
22,122899.71794734757,175036.34012481282,113867.74745021234,168022.47682706837,125254.51681934865,140018.73964903184,85347.01141931103,119243.52485364031,67208.99073082734,78970.56679666459,111021.05510792823,85347.01141931103,122899.71794734757,148233.95195010043,109397.75289714485,82502.14687790014,145619.497836409,227592.06629072898,153721.4402421894,168022.47682706837,121838.46450506806,119561.13213478043,113796.03314536449,67208.99073082734,224030.00494199057,182073.64228081336,179223.99320182268,109397.75289714485,71736.66852909845,100645.91976324949,122330.7342872956,180904.22603392074,259874.7928305854,98457.98835920027,238971.68573292028,140018.73964903184,101192.91605397413,79657.22857764008,108174.36276564412,85400.7702685223,182073.64228081336,68320.61621481787,123216.5188457496,113796.03314536449,224030.00494199057,153721.4402421894,91036.84801983128,43242.49474559246,88491.85033932082,153156.8648077727,153624.67431360914,273110.49030064454,164096.62934571735,119485.81598703547,118149.5860310403,91894.08662935407,78766.3906873602,91036.84801983128,164096.62934571735,93312.72890119012,169566.48473526505,142245.0548714179,233281.84913239992,120976.22632256857,109397.75289714485,130947.90150391684,74536.42939602108,218795.45203544054,218795.45203544054,81770.97276977777,66423.84273809682,74014.00089938602,164096.62934571735,112015.00247099528,114867.60828669262,102480.97808107598,113796.03314536449,109313.02895078795,85347.01141931103,84011.26529295878,109397.75289714485,56063.27604155433,34138.80994360935,175036.34012481282,84011.26529295878,77430.0532136666
23,132485.89594724067,188689.17465454823,122749.43175132891,181128.2300195797,135024.36913125784,150940.20134165633,92004.0783100173,128544.51979222427,72451.29200783189,85130.27100680441,119680.69740634663,92004.0783100173,132485.89594724067,159796.20020220825,117930.77762312215,88937.31433437635,156977.8186676489,245344.24746140582,165711.71258108015,181128.2300195797,131341.86473646335,128886.9004412933,122672.12373070291,72451.29200783189,241504.34532746585,196275.38637871682,193203.46467156484,117930.77762312215,77332.12867436813,108496.30150478294,131872.53156170467,195014.75566456656,280145.026671371,106137.7114512179,257611.47722008807,150940.20134165633,109085.96350618411,85870.49240669601,116611.96306136437,92062.03034946704,196275.38637871682,73649.62427957366,132827.40731571807,122672.12373070291,241504.34532746585,165711.71258108015,98137.72216537812,46615.40933574867,95394.21466578785,165103.10026277896,165607.39891007065,294413.10854409484,176896.16643468328,128805.70963402424,127365.25374146143,99061.8253864437,84910.1691609743,98137.72216537812,176896.16643468328,100591.12175548296,182792.6705446157,153340.1691513885,251477.83336472712,130412.37197572892,117930.77762312215,141161.83782122235,80350.27088891072,235861.4972942049,235861.4972942049,88149.10864582045,71604.90247166838,79787.09296953813,176896.16643468328,120752.17266373293,123827.28173305464,110474.49437139991,122672.12373070291,117839.44520894942,92004.0783100173,90564.14398580955,117930.77762312215,60436.211572795575,36801.63711921088,188689.17465454823,90564.14398580955,83469.59736433261
24,142819.79583112546,203406.93027760298,132323.88742793255,195256.2319611069,145556.26992349594,162713.5370463055,99180.39641819864,138570.99233601775,78102.49278444276,91770.43214533516,129015.79180404167,99180.39641819864,142819.79583112546,172260.3038179805,127129.37827772566,95874.4248524577,169222.0885237255,264481.09876339545,178637.2261624044,195256.2319611069,141586.5301859075,138940.07867571418,132240.54938169773,78102.49278444276,260341.68426300815,211584.8665162567,208273.33491594688,127129.37827772566,83364.03471096883,116959.013022156,142158.58902351762,210225.90660640274,301996.33875173796,114416.45294441289,277705.1724432549,162713.5370463055,117594.66865966645,92568.3908144183,125707.69618015079,99242.86871672545,211584.8665162567,79394.2949733804,143187.94508634406,132240.54938169773,260341.68426300815,178637.2261624044,105792.4644942776,50251.411263937065,102834.9634097193,177981.1420832757,178524.77602505614,317377.33101053425,190694.0674165886,138852.55498547814,137299.74353329543,106788.6477665863,91533.16235553028,105792.4644942776,190694.0674165886,108437.22925241063,197050.49884709576,165300.7023451968,271093.10436717584,140584.53698983576,127129.37827772566,152172.46117127768,86617.59201824575,254258.69408315286,254258.69408315286,95024.73912019444,77190.0848644585,86010.4862211621,190694.0674165886,130170.84213150408,133485.8097082329,119091.5049323691,132240.54938169773,127030.92193524748,99180.39641819864,97628.14721670268,127129.37827772566,65150.23607547363,39672.16481450932,203406.93027760298,97628.14721670268,89980.22595875054
25,153959.73990595326,219272.67083925605,142645.1506473113,210486.21805407328,156909.65897752866,175405.19293591735,106916.46733881815,149379.52973822714,84194.48722162932,98928.52585267132,139079.02356475694,106916.46733881815,153959.73990595326,185696.60751578302,137045.46978338828,103352.62999094941,182421.41142857616,285110.62446694035,192570.92980307198,210486.21805407328,152630.27954040832,149777.4048124199,142555.31223347018,84194.48722162932,280648.33563552285,228088.48610452478,224518.65503939078,137045.46978338828,89866.4294184244,126081.81603788417,153246.95896735202,226623.52732170222,325552.0531743736,123340.93627407712,299366.17589382885,175405.19293591735,126767.05281512046,99788.72529794295,135512.89648220257,106983.81247663006,228088.48610452478,85587.04998130408,154356.60480307892,142555.31223347018,280648.33563552285,192570.92980307198,114044.27672483129,54171.02134252417,110856.09055567742,191863.67116577123,192449.70855501055,342132.76282935595,205568.20467508255,149683.05427434546,148009.1235288925,115118.16229238006,98672.74901926165,114044.27672483129,205568.20467508255,116895.33313409868,212420.43775716927,178194.15712812217,292238.3665078156,151550.130875043,137045.46978338828,164041.91314263735,93373.76419566893,274090.87222163886,274090.87222163886,102436.66877156962,83210.91148388627,92719.30414641276,205568.20467508255,140324.16781776142,143897.7028654751,128380.64231709391,142555.31223347018,136939.3338461968,106916.46733881815,105243.14269960552,137045.46978338828,70231.95448936058,42766.59367004105,219272.67083925605,105243.14269960552,96998.6835835331
26,165968.59961861765,236375.93916471806,153771.4723978016,226904.14306229103,169148.6123777759,189086.7979849189,115255.95179124599,161031.13305780888,90761.6572249164,106644.9508691797,149927.187402808,115255.95179124599,165968.59961861765,200180.9429020141,147735.01642649257,111414.13513024346,196650.2815200051,307349.2531753618,207591.46232771163,226904.14306229103,164535.44134456018,161460.04238778865,153674.6265876809,90761.6572249164,302538.90581509366,245879.38802067772,242031.11013246328,147735.01642649257,96876.01091306152,135916.19768883914,165200.22176680548,244300.16245279502,350945.11332197476,132961.52930345514,322716.73761354754,189086.7979849189,136654.88293469988,107572.24587118249,146082.90240781437,115328.5498498072,245879.38802067772,92262.83987984581,166396.4199777191,153674.6265876809,302538.90581509366,207591.46232771163,122939.73030936814,58396.36100724105,119502.86561902027,206829.0375167014,207460.7858223014,368819.1183300458,221602.524639739,161358.3325077444,159553.83516414612,124097.3789511857,106369.22344276408,122939.73030936814,221602.524639739,126013.16911855838,228989.2319022285,192093.3013841157,315032.9590954252,163371.04108329635,147735.01642649257,176837.18236776307,100656.91780293112,295469.9602549267,295469.9602549267,110426.72893575206,89701.3625796294,99951.40986983296,221602.524639739,151269.45290754683,155121.72368898217,138394.33241782725,153674.6265876809,147620.60188620017,115255.95179124599,113452.10783017476,147735.01642649257,75710.04693953072,46102.38797630426,236375.93916471806,113452.10783017476,104564.5809030487
27,178914.15038886978,254813.26241956605,165765.64724483012,244602.66622114973,182342.20414324242,203835.5682277426,124245.91603096316,173591.56143631798,97841.06648845988,114963.2570369757,161621.50802022702,124245.91603096316,178914.15038886978,215795.05644837118,159258.34770775898,120104.43767040245,211989.0034785655,331322.49492304,223783.5963892731,244602.66622114973,177369.20576943588,174053.92569403615,165661.24746152,97841.06648845988,326136.940468671,265057.9802862906,260909.53672279537,159258.34770775898,104432.33976428032,146517.6611085686,178085.8390646163,263355.575124113,378318.83216108877,143332.52858912465,347888.64314740425,203835.5682277426,147313.96380360646,115962.88104913472,157477.3687956239,124324.17673809217,265057.9802862906,99459.34139047377,179375.3407359812,165661.24746152,326136.940468671,223783.5963892731,132529.02927349886,62951.27716580585,128824.08913730385,222961.70244300412,223642.72711644092,397587.0095597893,238887.5215616386,173944.28244334846,171999.03430694953,133776.97450937817,114666.02287129968,132529.02927349886,238887.5215616386,135842.19630980594,246850.3919906023,207076.5788920767,339605.52990486834,176113.98228779345,159258.34770775898,190630.4825924486,108508.15739155974,318516.6171548109,318516.6171548109,119040.01379274072,96698.06886084049,107747.61983967993,238887.5215616386,163068.4702343355,167221.21813672277,149189.09034641777,165661.24746152,159135.00883332378,124245.91603096316,122301.3722409284,159258.34770775898,81615.43060081411,49698.37423845599,254813.26241956605,122301.3722409284,112720.6182134865
28,192869.45411920163,274688.69688829227,178695.3677299269,263681.6741863994,196564.89606641536,219734.74254950654,133937.0974813783,187131.70322835082,105472.66967455976,123930.39108585982,174227.98564580473,133937.0974813783,192869.45411920163,232627.07085134415,171680.4988289642,129472.58380869385,228524.14574989362,357165.6495270371,241238.71690763644,263681.6741863994,191204.0038194519,187630.131898171,178582.82476351855,105472.66967455976,351575.62182522734,285732.5027486213,281260.4805871734,171680.4988289642,112578.06226589419,157946.03867503698,191976.53451165635,283897.3099837939,407827.70106965373,154512.46581907637,375023.95731290185,219734.74254950654,158804.4529802878,125007.98577096724,169760.60356168257,134021.46252366336,285732.5027486213,107217.17001893073,193366.61731338775,178582.82476351855,351575.62182522734,241238.71690763644,142866.29355683178,67861.47678473871,138872.36809001357,240352.71523355847,241086.85983152332,428598.796305453,257520.74824344643,187511.93647392964,185414.9589828916,144211.5785211097,123609.97265526105,142866.29355683178,257520.74824344643,146437.88762197082,266104.7225658693,223228.5520456587,366094.76123744814,189850.87290624136,171680.4988289642,205499.6602346596,116971.79366810141,343360.9132928862,343360.9132928862,128325.1348685745,104240.51823198608,116151.934187175,257520.74824344643,175787.81091261367,180264.47315138718,160825.83939343836,178582.82476351855,171547.53952232303,133937.0974813783,131840.87927572083,171680.4988289642,87981.43418767763,53574.84742905556,274688.69688829227,131840.87927572083,121512.82643413845
29,207913.2715404994,296114.4152455791,192633.6064128612,284248.8447729386,211896.95795959578,236874.05246836809,144384.1910849258,201727.97608016222,113699.53790917543,133596.9615905569,187817.76852617753,144384.1910849258,207913.2715404994,250771.98237774902,185071.57773762345,139571.445345772,246349.02911838534,385024.5701901461,260055.3368264321,284248.8447729386,206117.9161173692,202265.28218622837,192512.28509507305,113699.53790917543,378998.5203275951,308019.6379630138,303198.798072973,185071.57773762345,121359.15112263394,170265.8296916899,206950.70420356558,306041.3001625298,439638.26175308676,166564.43815296434,404275.82598330826,236874.05246836809,171191.20031275027,134758.6086611027,183001.93063949383,144475.13660050914,308019.6379630138,115580.10928040734,208449.213463832,192512.28509507305,378998.5203275951,260055.3368264321,154009.86445426467,73154.67197394835,149704.41280103463,259100.22702177605,259891.63489838218,462029.5024172784,277607.3666064353,202137.86751889618,199877.32578355717,155460.08164575626,133251.55052237143,154009.86445426467,277607.3666064353,157860.04285648454,286860.8909260071,240640.37910522014,394650.15261396917,204659.24099292821,185071.57773762345,221528.63373296303,126095.59357421334,370143.06452973135,370143.06452973135,138334.49538832332,112371.278654081,125211.78505377464,277607.3666064353,189499.26016379756,194325.10205719538,173370.25486612658,192512.28509507305,184928.24760506424,144384.1910849258,142124.46785922706,185071.57773762345,94843.9860543165,57753.6855285219,296114.4152455791,142124.46785922706,130990.82689600126
30,224130.5067206584,319211.3396347343,207659.0277130644,306420.25466522784,228424.92068044425,255350.2285609008,155646.15798955003,217462.75821441488,122568.10186609112,144017.52459462036,202467.5544712194,155646.15798955003,224130.5067206584,270332.1970032135,199507.16080115808,150458.0180827422,265564.25338961947,415056.4866649775,280339.6530988938,306420.25466522784,222195.113574524,218041.9741967542,207528.24333248875,122568.10186609112,408560.40491314756,332045.1697241289,326848.3043226649,199507.16080115808,130825.1649101994,183546.5644076417,223092.85913144375,329912.5215752072,473930.04616982763,179556.46432889558,435809.34041000635,255350.2285609008,184544.11393714478,145269.78013666873,197276.08122937437,155744.19725534884,332045.1697241289,124595.35780427913,224708.25211401095,207528.24333248875,408560.40491314756,280339.6530988938,166022.63388169731,78860.73638791633,161381.35699951532,279310.04472947464,280163.182420456,498067.80360582616,299260.74120173726,217904.6211853701,215467.75719467463,167585.96801412528,143645.17146311645,166022.63388169731,299260.74120173726,170173.12619929033,309236.0404182357,259410.32867542733,425432.86451785883,220622.66179037662,199507.16080115808,238807.8671641342,135931.049873002,399014.22356305044,399014.22356305044,149124.58602861257,121136.23838909932,134978.30428796908,299260.74120173726,204280.20245657378,209482.46001765665,186893.13474568448,207528.24333248875,199352.65091825929,155646.15798955003,153210.17635224678,199507.16080115808,102241.8169665532,62258.47299974661,319211.3396347343,153210.17635224678,141208.11139388938
31,241612.68624486978,344109.8241262436,223856.4318746834,330321.0345291156,246242.0644935189,275267.54638865107,167786.55831273497,234424.85335513923,132128.41381164623,155250.89151300074,218260.0237199745,167786.55831273497,241612.68624486978,291418.1083694641,215068.7193436484,162193.74349319612,286278.26515400974,447430.8926248458,302206.14604060753,330321.0345291156,239526.33243333688,235049.24818410102,223715.4463124229,132128.41381164623,440428.1164963731,357944.692962611,352342.47205983277,215068.7193436484,141029.52777319495,197863.19643143777,240494.10214369636,355645.69825807336,510896.5897710742,193561.86854654946,469802.46896198683,275267.54638865107,198938.5548242421,156600.8229873289,212663.61556526556,167892.24464126606,357944.692962611,134313.7957130129,242235.4957789038,223715.4463124229,440428.1164963731,302206.14604060753,178972.3993244697,85011.8738261738,173969.10284547752,301096.2282183736,302015.91064925154,536917.0922870806,322603.07901547273,234901.181637829,232274.24225585928,180657.67351922704,154849.49483723953,178972.3993244697,322603.07901547273,183446.63004283496,333356.45157085813,279644.3343121107,458616.6279502518,237831.229410026,215068.7193436484,257434.88080293665,146533.67176309615,430137.3330009683,430137.3330009683,160756.30373884435,130584.86498344906,145506.6120224307,322603.07901547273,220214.05824818654,225822.09189903384,201470.79925584787,223715.4463124229,214902.15768988352,167786.55831273497,165160.57010772204,215068.7193436484,110216.67868994435,67114.63389372684,344109.8241262436,165160.57010772204,152222.34408261275
32,260458.47577196962,370950.3904080906,241317.2335609087,356086.07522238663,265448.94552401337,296738.4150069659,180873.90986112828,252709.99191684008,142434.43008895466,167360.46105101483,235284.3055701325,180873.90986112828,260458.47577196962,314148.72082228237,231844.079452453,174844.8554856654,308607.9698360226,482330.5022495838,325778.2254317749,356086.07522238663,258209.3863631372,253383.08954246092,241165.2511247919,142434.43008895466,474781.5095830902,385864.3790136947,379825.1848804997,231844.079452453,152029.83093950417,213296.52575308993,259252.64211090468,383386.0627222031,550746.523773218,208659.6942931803,506447.06154102186,296738.4150069659,214455.762100533,168815.68718034058,229251.37757935628,180987.83972328485,385864.3790136947,144790.2717786279,261129.86444965831,241165.2511247919,474781.5095830902,325778.2254317749,192932.24647177837,91642.79998461535,187538.69286742478,324581.7340194068,325573.1516798932,578796.6254854728,347766.1191786796,253223.47380557965,250391.6331518163,194748.9720537268,166927.7554345442,192932.24647177837,347766.1191786796,197755.4671861761,359358.2547933851,301456.5923884553,494388.7249303715,256382.06530400805,231844.079452453,277514.80150556576,157963.29816061765,463688.04497504386,463688.04497504386,173295.29543047422,140770.4844521581,156856.12776018027,347766.1191786796,237390.7547915451,243436.2150671585,217185.52159780404,241165.2511247919,231664.52598969446,180873.90986112828,178043.09457612436,231844.079452453,118813.57962776002,72349.57533743753,370950.3904080906,178043.09457612436,164095.68692105656
33,280774.2368821833,399884.52085992176,260139.9777786596,383860.7890897328,286153.9632748864,319884.01137750933,194982.0748302963,272421.3712863536,153544.31563589314,180414.577012994,253636.48140460288,194982.0748302963,280774.2368821833,338652.32104642043,249927.91764974437,188482.75421354733,332679.3914832323,519952.28142505145,351188.9270154534,383860.7890897328,278349.71849946195,273146.9705267729,259976.14071252572,153544.31563589314,511814.46733057126,415961.8005767629,409451.5493011788,249927.91764974437,163888.15775278554,229933.65476183099,279474.34819555527,413290.175614535,593704.7526275292,224935.15044804843,545949.9323412216,319884.01137750933,231183.31154437462,181983.31078040713,247132.9850305461,195104.8912217011,415961.8005767629,156083.91297736092,281497.9938767317,259976.14071252572,511814.46733057126,351188.9270154534,207980.9616965771,98790.93838341537,202166.71091108397,349899.1092729205,350967.857510925,623942.7622733399,374891.8764746167,272974.90476241487,269922.18053765805,209939.39187391748,179948.1203584387,207980.9616965771,374891.8764746167,213180.39362669786,387388.1986672692,324970.2065947548,532951.0454749406,276379.8663977207,249927.91764974437,299160.95602299995,170284.43541714584,499855.71248309733,499855.71248309733,186812.32847405123,151750.58223942644,169090.90572547435,374891.8764746167,255907.23366528563,262424.23984239687,234125.9922824328,259976.14071252572,249734.35901689064,194982.0748302963,191930.45595306208,249927.91764974437,128081.03883872532,77992.84221375767,399884.52085992176,191930.45595306208,176895.15050089898
34,302674.6273589936,431075.5134869957,280430.89604539506,413801.930638732,308473.9724103276,344834.9642649551,210190.67666705942,293670.23824668926,165520.77225549283,194486.91402000756,273420.1269541619,210190.67666705942,302674.6273589936,365067.2020880413,269422.29522642447,203184.40904220406,358628.3840189245,560508.5593762054,378581.6633226588,413801.930638732,300060.99654242,294452.4342278612,280254.2796881027,165520.77225549283,551735.9957823559,448406.82102175045,441388.7701466707,269422.29522642447,176671.4340575028,247868.4798332538,301273.3473548086,445526.80931246874,640013.7233324765,242480.0921829962,588534.0270638369,344834.9642649551,249215.60984483585,196178.0090212789,266409.3578629287,210323.0727369938,448406.82102175045,168258.45818959508,303454.8373991168,280254.2796881027,551735.9957823559,378581.6633226588,224203.47670891014,106496.63157732178,217935.71436214854,377191.23979620833,378343.3503967771,672610.2977306605,404133.4428396368,294266.94733388326,290976.1106195954,226314.66444008306,193984.07374639693,224203.47670891014,404133.4428396368,229808.4643295803,417604.4781633162,350317.8827091457,574521.2270219859,297937.49597674294,269422.29522642447,322495.51059279393,183566.62137968323,538844.458056779,538844.458056779,201383.69009502724,163587.12765410173,182279.99637206137,404133.4428396368,275867.99789117795,282893.33055010386,252387.81968046256,280254.2796881027,269213.6390202081,210190.67666705942,206901.03151740093,269422.29522642447,138071.35986814593,84076.28390643078,431075.5134869957,206901.03151740093,190692.9722399691
35,326283.24829299503,464699.4035389814,302304.5059369359,446078.48122855305,332534.94225833315,371732.0914776216,226585.54944709004,316576.516829931,178431.39249142128,209656.89331356814,294746.89685658657,226585.54944709004,326283.24829299503,393542.4438509085,290437.2342540855,219032.79294749597,386601.39797240065,604228.2270075495,408111.0330618262,446078.48122855305,323465.75427272875,317419.7240976343,302114.11350377474,178431.39249142128,594771.4034533798,483382.553061447,475817.094218111,290437.2342540855,190451.80591398804,267202.2212602476,324772.66844848363,480277.90043884126,689934.7937524095,261393.53937326994,634439.6811748161,371732.0914776216,268654.4274127331,211479.89372493868,287189.2877762372,226728.27241047935,483382.553061447,181382.6179283835,327124.3147162479,302114.11350377474,594771.4034533798,408111.0330618262,241691.34789220514,114803.36884035286,234934.70008239613,406612.1565003126,407854.1317277257,725073.900953652,435655.8513811285,317219.76922592614,313672.24724792386,243967.20826640955,209114.83149861588,241691.34789220514,435655.8513811285,247733.52454728758,450177.6274600549,377642.67756045907,619333.8827297009,321176.6206629289,290437.2342540855,347650.16041903186,197884.81784729852,580874.3257852078,580874.3257852078,217091.61792243936,176346.92361112166,196497.83608908215,435655.8513811285,297385.7017266899,304959.010333012,272074.06961553864,302114.11350377474,290212.30286378437,226585.54944709004,223039.3119757582,290437.2342540855,148840.92593786132,90634.23405113237,464699.4035389814,223039.3119757582,205567.02407468672
36,351733.3416598487,500945.957015022,325884.25740001694,480872.6027643803,358472.6677544832,400727.1946128761,244259.22230396312,341269.4851426657,192349.04110575214,226010.13099202648,317737.15481140034,244259.22230396312,351733.3416598487,424238.7544712794,313091.3385259042,236117.3507974007,416756.3070142479,651358.0287141384,439943.6936406487,480872.6027643803,348696.08310600166,342178.4625772498,325679.0143570692,192349.04110575214,641163.5729227434,521086.3922002399,512930.8275671238,313091.3385259042,205307.04677527913,288043.9945185469,350104.93658746534,517739.5766730709,743749.7076650976,281782.23544438503,683925.976306452,400727.1946128761,289609.4727509263,227975.32543548392,309590.0522227837,244413.07765849674,521086.3922002399,195530.4621267974,352640.0112641153,325679.0143570692,641163.5729227434,439943.6936406487,260543.27302779717,123758.0316099004,253259.60668882306,438327.904707337,439666.75400248833,781629.6652280368,469637.0077888566,341962.9112255484,338138.68253326195,262996.6505111895,225425.78835550792,260543.27302779717,469637.0077888566,267056.73946197605,485291.48240193917,407098.80641017493,667641.9255826176,346228.39707463735,313091.3385259042,374766.8729317163,213319.83363938783,626182.523196454,626182.523196454,234024.76412038965,190101.98365278917,211824.66730403056,469637.0077888566,320581.7864613717,328745.81313898694,293295.8470455507,325679.0143570692,312848.86248715955,244259.22230396312,240436.37830986737,313091.3385259042,160450.5181610145,97703.7043071207,500945.957015022,240436.37830986737,221601.25195251228
37,379168.54230931686,540019.7416621938,351303.22947721824,518380.6657800019,386433.53583933285,431983.9157926804,263311.4416436723,367888.5049837936,207352.2663120008,243638.92120940457,342520.65288668964,263311.4416436723,379168.54230931686,457329.37732003914,337512.46293092484,254534.50415959794,449263.2989613593,702163.9549538413,474259.30174461927,518380.6657800019,375894.3775882698,368868.3826582753,351081.97747692064,207352.2663120008,691174.3316107173,561731.1307918585,552939.4321173595,337512.46293092484,221320.9964237509,310511.42609099357,377413.12164128764,558123.2636535706,801762.1848629751,303761.24980904703,737272.2024583551,431983.9157926804,312199.01162549853,245757.40081945166,333738.0762961608,263477.2977158595,561731.1307918585,210781.83817268763,380145.93214271625,351081.97747692064,691174.3316107173,474259.30174461927,280865.6483239654,133411.15807547263,273013.8560105512,472517.4812745093,473960.7608146824,842596.7791158238,506268.69439638744,368636.0183011412,364513.4997708564,283510.38925106236,243008.99984723757,280865.6483239654,506268.69439638744,287887.1651400102,523144.2180292905,438852.51331016864,719717.9957780618,373234.2120464591,337512.46293092484,403998.6890203903,229958.78066326008,675024.7600057775,675024.7600057775,252278.69572178004,204929.93837770674,228346.99135374496,506268.69439638744,345587.1658053587,354387.98656382796,316172.92311510374,351081.97747692064,337251.073761158,263311.4416436723,259190.41581803703,337512.46293092484,172965.65857757366,105324.59324307613,540019.7416621938,259190.41581803703,238886.14960480825
38,408743.68860944366,582141.281511845,378704.8813764413,558814.3577108422,416575.3516348009,465678.6612245096,283849.73409187875,396583.8083725295,223525.74308433692,262642.7570637381,369237.26381185144,283849.73409187875,408743.68860944366,493001.0687510023,363838.435039537,274388.19548404665,484305.8362803454,756932.743440241,511251.52728069964,558814.3577108422,405214.13904015487,397640.1165056208,378466.3717201205,223525.74308433692,745085.9294763535,605546.1589936237,596068.7078225135,363838.435039537,238584.03414480353,334731.3173260911,406851.3451293082,601656.878218549,864299.6352822873,327454.6272941528,794779.434250107,465678.6612245096,336550.53453228745,264926.4780833689,359769.6462472614,284028.52693769656,605546.1589936237,227222.82155015727,409797.31484984816,378466.3717201205,745085.9294763535,511251.52728069964,302773.1688932347,143817.2284053595,294308.93677937426,509373.844813921,510929.7001582277,908319.3278868581,545757.6525593057,397389.6277286303,392945.55275298323,305624.19961264526,261963.7018353221,302773.1688932347,545757.6525593057,310342.364020931,563949.4670355752,473083.0093483618,775855.9994487508,402346.48058608297,363838.435039537,435510.58676398074,247895.56555499442,727676.6912862281,727676.6912862281,271956.4339880789,220914.4735711679,246158.0566793371,545757.6525593057,372542.9647381767,382030.2495158066,340834.4111180818,378466.3717201205,363556.6575145284,283849.73409187875,279407.2682518439,363838.435039537,186456.9799466244,113539.91151603608,582141.281511845,279407.2682518439,257519.26927398331
39,440625.69632098026,627548.3014697687,408243.86212380364,602401.8776122879,449068.2290623153,502001.59680002125,305990.01335104526,427517.3454255868,240960.75104491517,283128.8921147097,398037.7703891758,305990.01335104526,440625.69632098026,531455.1521135804,392217.8329726209,295790.47473180224,522081.69151021226,815973.4974285797,551129.1464085942,602401.8776122879,436820.84188528697,428656.0455930592,407986.74871428986,240960.75104491517,803202.6319755089,652778.7593951263,642562.0670326696,392217.8329726209,257193.5888080982,360840.3600775262,438585.75004939415,648586.1147195958,931715.0068343056,352996.0882230967,856772.2301216153,502001.59680002125,362801.4762258059,285590.7433738717,387831.6786545478,306182.7520388368,652778.7593951263,244946.20163106953,441761.5054081363,407986.74871428986,803202.6319755089,551129.1464085942,326389.476066907,155034.97222097754,317265.0338481655,549105.0047094069,550782.2167705693,979168.235462033,588326.7494589315,428386.0186914634,423595.30586771586,329462.8871824315,282396.8705784772,326389.476066907,588326.7494589315,334549.06841456366,607937.52546435,509983.484077534,836372.7674057533,433729.5060717974,392217.8329726209,469480.4125315712,267231.419668284,784435.473206554,784435.473206554,293169.03583914903,238145.80250971898,265358.3851003254,588326.7494589315,401601.31598775444,411828.6089780395,367419.4951852922,407986.74871428986,391914.07680066157,305990.01335104526,301201.03517548775,392217.8329726209,201000.6243824611,122396.02461428689,627548.3014697687,301201.03517548775,277605.772277354
40,474994.5006340168,676497.0689844108,440086.8833694604,649389.2240660463,484095.5509291759,541157.7213504231,329857.23439242685,460863.6983687826,259755.68962641858,305212.9456996571,429084.7164795316,329857.23439242685,474994.5006340168,572908.6539784397,422810.82394448534,318862.13176088285,562804.063448009,879619.4302280091,594117.2198284646,649389.2240660463,470892.86755233933,462091.2171493179,439809.71511400456,259755.68962641858,865852.4372695987,703695.5026279462,692681.9082612179,422810.82394448534,277254.6887351299,388985.90816357324,472795.43855324696,699175.8316677244,1004388.7773673815,380529.7831044983,923600.4640711015,541157.7213504231,391099.9913714188,307866.82135703374,418082.54958960257,330065.00669786613,703695.5026279462,264052.00535829295,476218.90282997105,439809.71511400456,865852.4372695987,594117.2198284646,351847.8552001258,167127.7000542138,342011.7064883224,591935.1950767406,593743.2296786739,1055543.3578280718,634216.2359167283,461800.1281493977,456635.7397253978,355160.99238266126,304423.8264835985,351847.8552001258,634216.2359167283,360643.8957508996,655356.6524505694,549762.1958355817,901609.8432634021,467560.40754539764,422810.82394448534,506099.88470903377,288075.4704024102,845621.4401166652,845621.4401166652,316036.2206346027,256721.1751054771,286056.3391381508,634216.2359167283,432926.21863479936,443951.2404783267,396078.2158097451,439809.71511400456,422483.37479111325,329857.23439242685,324694.71591917577,422810.82394448534,216678.67308429308,131942.9145342013,676497.0689844108,324694.71591917577,299259.0225149877
41,512044.0716834702,729263.8403651948,474413.6602722783,700041.583543198,521855.0039016517,583368.0236157561,355586.0986750361,496811.0668415476,280016.6334172792,329019.55546423036,462553.32436493505,355586.0986750361,512044.0716834702,617595.528988758,455790.0682121552,343733.37803823175,606702.7803969537,948229.7457857938,640458.3629750849,700041.583543198,507622.5112214219,498134.33208696474,474114.8728928969,280016.6334172792,933388.9273766276,758583.7518329261,746711.0971055928,455790.0682121552,298880.55445647,419326.80900033197,509673.4827604002,753711.5465378069,1082731.1020020372,410211.1061866492,995641.3002686475,583368.0236157561,421605.7906983895,331880.43342288234,450692.98845759156,355810.0772202997,758583.7518329261,284648.06177623983,513363.9772507088,474114.8728928969,933388.9273766276,640458.3629750849,379291.9879057356,180163.66065844247,368688.6195944115,638106.1402927263,640055.2015936105,1137875.7397386613,683685.1023182331,497820.53814505064,492253.32742397883,382863.54978850886,328168.8849493192,379291.9879057356,683685.1023182331,388774.1196194698,706474.4713417139,592643.6471107572,971935.4110379475,504030.1193339387,455790.0682121552,545575.6757163384,310545.3570937982,911579.9124457652,911579.9124457652,340687.0458441017,276745.42676370434,308368.73359092657,683685.1023182331,466694.4636883138,478579.4372356361,426972.31664290524,474114.8728928969,455437.0780248201,355586.0986750361,350020.9037608715,455790.0682121552,233579.60958486795,142234.461867869,729263.8403651948,350020.9037608715,322601.2262711567
42,551983.509274781,786146.4199136802,511417.92577351606,754644.8270595676,562559.6942059806,628870.7294577851,383321.814371689,535562.3300551885,301857.93082382705,354683.0807904403,498632.4836654001,383321.814371689,551983.509274781,665767.9802498812,491341.6935327034,370544.5815252139,654025.5972679162,1022191.6659570858,690414.1152871416,754644.8270595676,547217.0670966929,536988.809989748,511095.8329785429,301857.93082382705,1006193.2637120046,817753.2844758944,804954.5626798293,491341.6935327034,322193.23770407477,452034.30010235787,549428.0144157115,812501.0471677559,1167184.1279581964,442207.5724692079,1073301.3216896022,628870.7294577851,454491.042372864,357767.10722986725,485847.04155728384,383563.26324348315,817753.2844758944,306850.6105947866,553406.3674762641,511095.8329785429,1006193.2637120046,690414.1152871416,408876.76296238304,194216.42618980104,397446.3319227757,687878.4192355592,689979.5073179122,1226630.047438277,737012.5402990554,536650.5401203647,530649.0869630493,412726.90667201264,353766.0579753661,408876.76296238304,737012.5402990554,419098.50094978855,761579.4801063677,638869.8515853963,1047746.3730989075,543344.468641986,491341.6935327034,588130.5784222129,334767.89494711446,982683.1456165351,982683.1456165351,367260.6354199417,298331.57005127333,332421.4948110189,737012.5402990554,503096.6318560023,515908.63334001583,460276.15734105196,511095.8329785429,490961.1701107562,383321.814371689,377322.53425421956,491341.6935327034,251798.81913248773,153328.7498935628,786146.4199136802,377322.53425421956,347764.12192030693
43,595038.2229982138,847465.8406669472,551308.5239838504,813507.1235702139,606439.3503540471,677922.6463554924,413220.91589268076,577336.1917994933,325402.84942808555,382348.36109209474,537525.8173913014,413220.91589268076,595038.2229982138,717697.882709372,529666.3456282543,399447.0588841806,705039.5938548137,1101922.6159017386,744266.4162795388,813507.1235702139,589899.998330235,578873.9371689485,550961.3079508693,325402.84942808555,1084676.3382815411,881538.0406650143,867741.018568856,529666.3456282543,347324.31024499255,487292.9755103419,592283.399540137,875876.1288468409,1258224.4899389357,476699.76312180614,1157018.8247813913,677922.6463554924,489941.34367794736,385672.9415937969,523743.11079875194,413481.1977764749,881538.0406650143,330784.95822118,596572.0641394128,550961.3079508693,1084676.3382815411,744266.4162795388,440769.150473449,209365.30743260554,428447.14581275225,741532.9359359328,743797.9088887094,1322307.1911384626,794499.5184423818,578509.2822497532,572039.7157461671,444919.60539242957,381359.81049744465,440769.150473449,794499.5184423818,451788.1840238721,820982.6795546644,688701.7000090573,1129470.5902006226,585725.3371960609,529666.3456282543,634004.7635391456,360879.7907529895,1059332.430974625,1059332.430974625,395906.96498269716,321601.43251527264,358350.3714062784,794499.5184423818,542338.1691407706,556149.5067405371,496177.697613654,550961.3079508693,529256.1413793953,413220.91589268076,406753.6919260487,529666.3456282543,271439.12702482176,165288.39238526073,847465.8406669472,406753.6919260487,374889.72343009093

